feature	metadata	value	coef	stderr	N	N.not.0	pval	qval
ASV29	Filtered	yes	-0.0865882426851255	0.00735909363347806	16	12	1.20362949983633e-08	8.60595092382977e-06
ASV245	Filtered	yes	-0.0234940692930769	0.00222073525153391	16	9	4.62934118729629e-08	1.65498947445842e-05
ASV262	Filtered	yes	-0.0282697290589552	0.00381511229630459	16	8	3.30215334448631e-06	0.000787013213769237
ASV3	Filtered	yes	1.0256571992969	0.143932877036341	16	16	5.12431756085139e-06	0.000915971764002187
ASV47	Filtered	yes	-0.0896769197550913	0.0149963534150319	16	10	3.36922830095529e-05	0.00422818182624229
ASV78	Filtered	yes	-0.0543481289210294	0.00913427859289539	16	10	3.54812460943409e-05	0.00422818182624229
ASV85	Filtered	yes	-0.0364455915021935	0.00636194719177463	16	7	5.21584013374976e-05	0.00532760813661583
ASV87	Filtered	yes	-0.0435373954677541	0.00867491222541421	16	11	0.00018786508907651	0.0163176889280798
ASV194	Filtered	yes	-0.0216791900105172	0.00439262881562095	16	7	0.000219346542634633	0.0163176889280798
ASV307	Filtered	yes	-0.0245319187789853	0.00499216705574103	16	7	0.00022821942556755	0.0163176889280798
ASV98	Filtered	yes	-0.0213474772956889	0.00439416861220475	16	7	0.000253370659449365	0.0164690928642087
ASV64	Filtered	yes	-0.062430736885315	0.0135243869360129	16	8	0.000399979441088778	0.023832108364873
ASV46	Filtered	yes	-0.0619461223634374	0.0143012636850519	16	10	0.000690190549000179	0.0269751358111148
ASV52	Filtered	yes	-0.0318685157678342	0.00741726745904721	16	10	0.000738484499198499	0.0269751358111148
ASV101	Filtered	yes	-0.0429512189529718	0.0100226583266507	16	7	0.000754549253457758	0.0269751358111148
ASV119	Filtered	yes	-0.0440678588803699	0.0101958348862982	16	7	0.00070279964884923	0.0269751358111148
ASV183	Filtered	yes	-0.0327175170773909	0.00739139010260111	16	9	0.000574832712070723	0.0269751358111148
ASV184	Filtered	yes	-0.0298300968165139	0.00687669855063197	16	6	0.000681794628767258	0.0269751358111148
ASV193	Filtered	yes	-0.0306380763554339	0.00699720658215402	16	6	0.000630240215728849	0.0269751358111148
ASV239	Filtered	yes	-0.0278941977399511	0.00637778780590139	16	6	0.0006363022454609	0.0269751358111148
ASV79	Filtered	yes	-0.0538832754816333	0.0127200254486944	16	7	0.000830237863103808	0.0269827305508738
ASV242	Filtered	yes	-0.0246630328182311	0.00582062797564985	16	6	0.000828500762474533	0.0269827305508738
ASV70	Filtered	yes	-0.0596684128538188	0.0143323065267962	16	8	0.000956628587211861	0.029699154721508
ASV106	Filtered	yes	-0.051078979191985	0.0123318126503019	16	8	0.000996894703938729	0.029699154721508
ASV249	Filtered	yes	-0.0238065438245731	0.00581149011562621	16	6	0.00108963755246406	0.0310590602990547
ASV378	Filtered	yes	-0.0169520714401287	0.00415684586489844	16	6	0.00112942037451108	0.0310590602990547
ASV382	Filtered	yes	-0.0117443099749094	0.00290057584492708	16	6	0.00119568878861829	0.0316636105134103
ASV464	Filtered	yes	-0.0145863866291305	0.00365749718593253	16	6	0.00134718454360699	0.0344013195956786
ASV86	Filtered	yes	-0.0423885978684737	0.0112077210746808	16	8	0.00202105463168049	0.0498294504017777
ASV113	Filtered	yes	-0.0394410470693312	0.0105122263139543	16	7	0.00214522170268588	0.0511277839140135
ASV111	Filtered	yes	-0.0380124243936155	0.0104395216335382	16	6	0.00267103090977536	0.0598801180640856
ASV217	Filtered	yes	0.0311113687406057	0.00854820108938896	16	6	0.00267994933993111	0.0598801180640856
ASV147	Filtered	yes	-0.0306338189534124	0.00847329012315132	16	6	0.00281160525401273	0.0609181138369424
ASV303	Filtered	yes	-0.0130892248814131	0.00363563059646674	16	7	0.00289697214433703	0.0609216200941464
ASV398	Filtered	yes	-0.0166390831630608	0.00466371655570314	16	6	0.00308993376314205	0.0631229325899019
ASV62	Filtered	yes	-0.051915868801118	0.0148364511368398	16	6	0.00354075766011629	0.0693055729051812
ASV157	Filtered	yes	-0.0297559574887836	0.00853729203851386	16	6	0.00363922596829862	0.0693055729051812
ASV366	Filtered	yes	-0.0195718291095825	0.00562515048786435	16	6	0.00368337310545019	0.0693055729051812
ASV25	Filtered	yes	-0.0867313462132961	0.0257212075931164	16	10	0.00456014240048011	0.0801903427494353
ASV107	Filtered	yes	-0.0359853394364844	0.0106704674561548	16	6	0.00455609891319065	0.0801903427494353
ASV254	Filtered	yes	-0.0213491906117455	0.00633923496274554	16	5	0.00459832734647111	0.0801903427494353
ASV15	Filtered	yes	-0.0901342260298528	0.0273644379781565	16	15	0.00532712367896393	0.0891461930287707
ASV231	Filtered	yes	-0.0196130799096463	0.00608161048389852	16	5	0.00610931952225142	0.0891461930287707
ASV324	Filtered	yes	-0.0177751961492186	0.0054240672143077	16	5	0.00550763001593441	0.0891461930287707
ASV387	Filtered	yes	-0.0136911966648782	0.00422046599616542	16	5	0.00588248751757829	0.0891461930287707
ASV421	Filtered	yes	-0.0131726389513054	0.00402937960125704	16	5	0.00559542951740449	0.0891461930287707
ASV466	Filtered	yes	-0.0134890660562916	0.00415078679020624	16	5	0.00581546427453699	0.0891461930287707
ASV532	Filtered	yes	-0.0104196399508756	0.00323062322085291	16	5	0.00610578248441288	0.0891461930287707
ASV643	Filtered	yes	-0.00832359622681143	0.00256523417005932	16	5	0.00587349112308908	0.0891461930287707
ASV308	Filtered	yes	-0.0166397264962023	0.00523679340275653	16	5	0.00671480821458651	0.0941389779103795
ASV459	Filtered	yes	-0.016472593718502	0.00517876810521811	16	6	0.00667050634650931	0.0941389779103795
ASV16	Filtered	yes	-0.0805525993721702	0.025632849172082	16	16	0.00719738229712255	0.0965105873819045
ASV352	Filtered	yes	-0.015832989597964	0.00504847077487308	16	5	0.0072889114945774	0.0965105873819045
ASV531	Filtered	yes	-0.00935589430540253	0.00297597324212749	16	5	0.00717943066369165	0.0965105873819045
ASV341	Filtered	yes	-0.0167276860869845	0.00535750302461829	16	5	0.00749310398193752	0.0974103517651878
ASV432	Filtered	yes	-0.0122132506793098	0.00394730292031801	16	5	0.00792511034903781	0.101186676777893
ASV218	Filtered	yes	-0.0220164966570729	0.00714076929347229	16	5	0.00809795037306245	0.101221716649307
ASV424	Filtered	yes	-0.0139242821428264	0.00452641285309778	16	5	0.00821099239952419	0.101221716649307
ASV90	Filtered	yes	-0.0434993407038467	0.0144250493947167	16	6	0.00926170638179865	0.112239323101458
ASV259	Filtered	yes	-0.0190308843318258	0.00638949821913665	16	5	0.00996795467760331	0.118784793241439
ASV267	Filtered	yes	-0.0178982597747421	0.00604361421509817	16	5	0.0103081901703989	0.120825507735004
ASV66	Filtered	yes	-0.0624082346484662	0.0212686384316356	16	8	0.0108790069681525	0.125459515842404
ASV82	Filtered	yes	-0.0409560804394535	0.0139996968683884	16	5	0.0110697469885449	0.125632842806502
ASV117	Filtered	yes	-0.043324022431696	0.0149535178834015	16	8	0.0117055754001039	0.130773225173036
ASV73	Filtered	yes	-0.0403979970222444	0.0141542591218484	16	7	0.0127458423486294	0.136858344086208
ASV154	Filtered	yes	-0.0163289047454766	0.00574255222499744	16	6	0.0130158984585485	0.136858344086208
ASV188	Filtered	yes	-0.0225667418538734	0.00787462083368472	16	5	0.0124566089228167	0.136858344086208
ASV291	Filtered	yes	-0.0232085637744457	0.0081423579148352	16	7	0.0128410773267153	0.136858344086208
ASV458	Filtered	yes	-0.0160838965886028	0.00567213064686067	16	5	0.0132200061343091	0.13698991863813
ASV450	Filtered	yes	-0.014487289658265	0.00517451608919134	16	5	0.0141876348052067	0.144916555510326
ASV196	Filtered	yes	-0.029496365877226	0.0105715933829442	16	7	0.0144577602855198	0.145595754987981
ASV37	Filtered	yes	-0.060772595679864	0.0218960565948066	16	5	0.0148803423320298	0.147770066213907
ASV9	Filtered	yes	-0.217137555073602	0.0849732373986064	16	16	0.0228781041853748	0.14902165662587
ASV20	Filtered	yes	-0.114200044895211	0.0464309502624389	16	13	0.0275321542267861	0.14902165662587
ASV36	Filtered	yes	-0.0852645229769911	0.032262656261986	16	10	0.0192975660819721	0.14902165662587
ASV49	Filtered	yes	-0.0601560319103081	0.021989340727469	16	5	0.0160906250087602	0.14902165662587
ASV56	Filtered	yes	-0.0449185282409673	0.0183922710787494	16	4	0.0284649453584292	0.14902165662587
ASV59	Filtered	yes	-0.0371958475201375	0.0141895536907937	16	5	0.0201227760167826	0.14902165662587
ASV74	Filtered	yes	-0.0438908022309528	0.0175552335748601	16	4	0.0254590474828542	0.14902165662587
ASV88	Filtered	yes	-0.0385088534463887	0.0150145652846318	16	4	0.022464405356825	0.14902165662587
ASV89	Filtered	yes	-0.0352734206013571	0.0141006968675806	16	4	0.025391132248158	0.14902165662587
ASV91	Filtered	yes	-0.0181356648275733	0.00701767665730522	16	4	0.0216285566810656	0.14902165662587
ASV102	Filtered	yes	-0.0343508848323059	0.013332993138647	16	4	0.0219632675775046	0.14902165662587
ASV103	Filtered	yes	-0.032018238935946	0.0121629523138491	16	5	0.0196925238842657	0.14902165662587
ASV110	Filtered	yes	-0.0309597743873282	0.0117868608834384	16	6	0.0199167205957682	0.14902165662587
ASV123	Filtered	yes	-0.0289894423895497	0.0116188638203778	16	4	0.0257121941897469	0.14902165662587
ASV125	Filtered	yes	-0.0225117124637358	0.00908096412512466	16	4	0.0265201789163514	0.14902165662587
ASV128	Filtered	yes	-0.0276685888299212	0.0105140072081974	16	5	0.0197250674029515	0.14902165662587
ASV149	Filtered	yes	-0.0229946738822707	0.00944732063275082	16	8	0.0289205013042317	0.14902165662587
ASV151	Filtered	yes	-0.0260225909478354	0.0101062446692024	16	4	0.0220265143464131	0.14902165662587
ASV153	Filtered	yes	-0.0265684806683441	0.0102729461381743	16	4	0.0215457119695566	0.14902165662587
ASV166	Filtered	yes	-0.0293947785851692	0.0118045390146662	16	5	0.0259569768850725	0.14902165662587
ASV176	Filtered	yes	-0.0311546222433639	0.0123574105740555	16	6	0.0244472316641436	0.14902165662587
ASV181	Filtered	yes	-0.0200827950860734	0.00823390130449658	16	4	0.0286412796536132	0.14902165662587
ASV182	Filtered	yes	-0.0305125653657119	0.0124491000513915	16	8	0.0279906982957685	0.14902165662587
ASV198	Filtered	yes	-0.0100398259917183	0.00394937909451324	16	4	0.0234729365314613	0.14902165662587
ASV206	Filtered	yes	-0.019937972511095	0.0081604790011543	16	7	0.0284110699315216	0.14902165662587
ASV208	Filtered	yes	-0.0198847272376465	0.00737416521711585	16	6	0.0173739813957339	0.14902165662587
ASV224	Filtered	yes	-0.0162641138860705	0.00654359538550889	16	4	0.0261896613936766	0.14902165662587
ASV237	Filtered	yes	-0.0172717311057637	0.00703412216321762	16	4	0.0277528000642426	0.14902165662587
ASV246	Filtered	yes	-0.0207407129813621	0.008347894106902	16	4	0.0262380593800784	0.14902165662587
ASV258	Filtered	yes	-0.0257283858524113	0.00975816525923826	16	4	0.0195333327625796	0.14902165662587
ASV260	Filtered	yes	-0.022602627259358	0.00928969050434236	16	5	0.0289706437356586	0.14902165662587
ASV277	Filtered	yes	-0.0171662748689394	0.00686325874212824	16	4	0.0254084620925548	0.14902165662587
ASV299	Filtered	yes	-0.016708106368312	0.00652570161189027	16	4	0.0226576441697363	0.14902165662587
ASV301	Filtered	yes	-0.0188978468915061	0.00686204780601717	16	5	0.0155236103119058	0.14902165662587
ASV312	Filtered	yes	-0.0159937686752169	0.00612812260190201	16	4	0.0205770055942665	0.14902165662587
ASV322	Filtered	yes	-0.0146672228154711	0.00582025545783765	16	4	0.0244992260694163	0.14902165662587
ASV334	Filtered	yes	-0.0134916303660254	0.00527143334045911	16	4	0.0227002708166655	0.14902165662587
ASV350	Filtered	yes	-0.0142068707400229	0.00552486947993164	16	4	0.0221751529773976	0.14902165662587
ASV354	Filtered	yes	-0.0129895273178103	0.00510020320001794	16	4	0.0232583711456801	0.14902165662587
ASV362	Filtered	yes	-0.0140172721382189	0.00535025140297545	16	4	0.020178799192889	0.14902165662587
ASV365	Filtered	yes	-0.0118795770547619	0.0048199324520773	16	4	0.0272625384964402	0.14902165662587
ASV377	Filtered	yes	-0.012248790659496	0.00490979471115453	16	4	0.0257254107194926	0.14902165662587
ASV384	Filtered	yes	-0.011560830250527	0.00463218687279196	16	4	0.0256760550866908	0.14902165662587
ASV391	Filtered	yes	-0.0119484390687166	0.00459536957036863	16	4	0.020973086012894	0.14902165662587
ASV394	Filtered	yes	-0.0128069946068914	0.00522087758531248	16	4	0.0278805440632051	0.14902165662587
ASV396	Filtered	yes	-0.0111851602411318	0.00447879195368263	16	4	0.0255968220237706	0.14902165662587
ASV397	Filtered	yes	-0.0153528540425799	0.00608160953426838	16	4	0.0242895446966822	0.14902165662587
ASV436	Filtered	yes	-0.0107083753289122	0.00426403398365086	16	4	0.0249152794655104	0.14902165662587
ASV445	Filtered	yes	-0.010751551092828	0.00426027367314366	16	4	0.0243269979139213	0.14902165662587
ASV448	Filtered	yes	-0.0112624903515115	0.00430271322230787	16	4	0.0202732171800321	0.14902165662587
ASV463	Filtered	yes	-0.0130916183074863	0.0052818336049206	16	4	0.0265400239636161	0.14902165662587
ASV479	Filtered	yes	-0.0122048550883769	0.00492311897397818	16	4	0.0265155887737619	0.14902165662587
ASV491	Filtered	yes	-0.0107319098424236	0.00417568081300793	16	4	0.0222330224089631	0.14902165662587
ASV528	Filtered	yes	-0.00929924338422655	0.00356744082865102	16	4	0.0207055607270809	0.14902165662587
ASV553	Filtered	yes	-0.009340841695453	0.00368798004749966	16	4	0.0239019506227617	0.14902165662587
ASV563	Filtered	yes	-0.00817336916594388	0.00323290115477899	16	4	0.0241156274351907	0.14902165662587
ASV608	Filtered	yes	-0.00743413928915685	0.00290885844172986	16	4	0.022863657644433	0.14902165662587
ASV612	Filtered	yes	-0.00733329381544165	0.00290903955498817	16	4	0.024459744802622	0.14902165662587
ASV642	Filtered	yes	-0.00735452301239735	0.00298888400658019	16	4	0.0274761295090388	0.14902165662587
ASV644	Filtered	yes	-0.00718011312139114	0.00285196530791232	16	4	0.0246146306005513	0.14902165662587
ASV646	Filtered	yes	-0.00844116344393461	0.00342845095559893	16	4	0.027398593921085	0.14902165662587
ASV700	Filtered	yes	-0.00709519098468838	0.00268898611994442	16	4	0.0194568348391394	0.14902165662587
ASV709	Filtered	yes	-0.00681774719942788	0.00266960042048553	16	4	0.0229455997202437	0.14902165662587
ASV737	Filtered	yes	-0.00639047915576144	0.00243592667769351	16	4	0.0200415910420881	0.14902165662587
ASV829	Filtered	yes	-0.00526257386623399	0.00200684457546947	16	4	0.0200852249630625	0.14902165662587
ASV969	Filtered	yes	-0.00526583610594441	0.00202636867971967	16	4	0.0210322549049925	0.14902165662587
ASV1050	Filtered	yes	-0.00371803340603507	0.00141545451335956	16	4	0.0199125545513716	0.14902165662587
ASV84	Filtered	yes	-0.0567670766442793	0.0234609784823493	16	11	0.0297284328940413	0.150750563966238
ASV446	Filtered	yes	-0.0127654888133998	0.00527359313812942	16	4	0.0296711364671269	0.150750563966238
ASV31	Filtered	yes	-0.05425761850643	0.0225563192480144	16	12	0.0305495531543605	0.150891676031863
ASV50	Filtered	yes	-0.0803422808797204	0.0332844153295395	16	8	0.0300626011728527	0.150891676031863
ASV116	Filtered	yes	-0.00557582855353299	0.00232452949763868	16	4	0.0309463974043477	0.150891676031863
ASV131	Filtered	yes	-0.0254145869714843	0.0106200911619755	16	4	0.0312814359443438	0.150891676031863
ASV257	Filtered	yes	-0.0188589968626467	0.00782363283299759	16	4	0.0302530874774721	0.150891676031863
ASV278	Filtered	yes	-0.0110542652025789	0.00461631767000983	16	4	0.0311893632340929	0.150891676031863
ASV607	Filtered	yes	-0.00826491500809959	0.00345761854330704	16	4	0.0314445590611854	0.150891676031863
ASV809	Filtered	yes	-0.00525576411074978	0.00218596924690783	16	4	0.0306146709155632	0.150891676031863
ASV559	Filtered	yes	-0.00919048181394161	0.00386207638126846	16	4	0.0320931592742776	0.152977392540723
ASV30	Filtered	yes	-0.0588435794012986	0.0251070594875982	16	10	0.0343731592273438	0.156029120318831
ASV83	Filtered	yes	-0.034867502953295	0.0149504222917369	16	4	0.0351338298899746	0.156029120318831
ASV126	Filtered	yes	-0.0269644065430085	0.0114200513846367	16	4	0.0332491299326605	0.156029120318831
ASV173	Filtered	yes	-0.0240989421123314	0.0103115029428234	16	4	0.0348087597964645	0.156029120318831
ASV174	Filtered	yes	-0.0260212682241147	0.0110275048161051	16	4	0.0333429093279256	0.156029120318831
ASV187	Filtered	yes	-0.0215147502520523	0.0091647626730003	16	4	0.03412230043149	0.156029120318831
ASV205	Filtered	yes	-0.0234184146948604	0.009974142528674	16	4	0.0340988153908545	0.156029120318831
ASV235	Filtered	yes	-0.0219694172839424	0.00939714810446812	16	4	0.0347565665778784	0.156029120318831
ASV310	Filtered	yes	-0.0112953150510775	0.00480019826109317	16	4	0.0337637380104101	0.156029120318831
ASV406	Filtered	yes	-0.013242919398771	0.00567526744827965	16	4	0.0350513326968439	0.156029120318831
ASV508	Filtered	yes	-0.0109407809957673	0.00466950230311665	16	4	0.0344175235646862	0.156029120318831
ASV160	Filtered	yes	-0.0222695600476649	0.00957501870450245	16	4	0.0355648150312018	0.156968165106847
ASV96	Filtered	yes	-0.0273321110096797	0.0118244743842539	16	4	0.0365451093468556	0.159327763310986
ASV393	Filtered	yes	-0.0131318226303156	0.00567770873454	16	4	0.0364489822847356	0.159327763310986
ASV679	Filtered	yes	-0.00604243902170019	0.00262357228820643	16	4	0.0371289306042885	0.160892032618584
ASV168	Filtered	yes	-0.0210650509576679	0.00918062016266749	16	4	0.0377407902385773	0.162558223015559
ASV60	Filtered	yes	-0.0480929637044916	0.0210730676616728	16	6	0.0386311083655241	0.163439304623371
ASV135	Filtered	yes	-0.0239082016024224	0.010452802869282	16	4	0.0382634072597355	0.163439304623371
ASV726	Filtered	yes	-0.00748362822352139	0.00327611410583563	16	4	0.0384778827455008	0.163439304623371
ASV600	Filtered	yes	-0.00880000287541924	0.00386200178157654	16	4	0.0388943020445523	0.163584858599146
ASV32	Filtered	yes	-0.0571234020895955	0.0252943056934707	16	4	0.04041225535488	0.16894828142112
ASV44	Filtered	yes	-0.0561324719305564	0.0249483455488253	16	8	0.0410579517478942	0.16894828142112
ASV315	Filtered	yes	-0.0128562678944888	0.00571589027146442	16	4	0.0411146866675174	0.16894828142112
ASV782	Filtered	yes	-0.00745979139816704	0.00331106353329709	16	4	0.0408230913569568	0.16894828142112
ASV45	Filtered	yes	-0.0619855952751411	0.0277590662277015	16	6	0.0423910167839621	0.173197582860188
ASV372	Filtered	yes	-0.010673775041461	0.00479740824414346	16	4	0.0430402967841845	0.174851205685749
ASV694	Filtered	yes	-0.00720514501552287	0.00326672320714659	16	4	0.0446276604736451	0.180275577619527
ASV71	Filtered	yes	-0.0555323697523315	0.0253616824877714	16	7	0.0459860682844313	0.184719319232407
ASV72	Filtered	yes	-0.0581086583218631	0.0266689719072808	16	10	0.0469185364338174	0.186883245385838
ASV134	Filtered	yes	-0.0239048360348206	0.0109934939109245	16	4	0.047308905475296	0.186883245385838
ASV263	Filtered	yes	-0.0140278434675264	0.00644776730351481	16	4	0.047206513242975	0.186883245385838
ASV38	Filtered	yes	-0.0477213635420188	0.0220198480653517	16	8	0.0479543019391955	0.188391900475411
ASV55	Filtered	yes	-0.0684637556326593	0.0316446364114073	16	8	0.0482847086782778	0.188653369972506
ASV764	Filtered	yes	-0.00667726110529636	0.00309752531139909	16	4	0.0489960768939353	0.190392364017194
ASV122	Filtered	yes	-0.0247604960040578	0.0115177079453981	16	5	0.0495376382517921	0.191456277567737
ASV53	Filtered	yes	-0.044506980232329	0.022434096280617	16	7	0.0672301497142524	0.193395186511907
ASV54	Filtered	yes	-0.054059891346225	0.0270911721006467	16	7	0.0658279421841736	0.193395186511907
ASV92	Filtered	yes	-0.0314998532163086	0.0153046651857002	16	5	0.0586896608020285	0.193395186511907
ASV105	Filtered	yes	-0.0290219617083046	0.0143257427537944	16	3	0.062275618300217	0.193395186511907
ASV108	Filtered	yes	-0.0482866679081781	0.0226247526728935	16	6	0.050990458726538	0.193395186511907
ASV133	Filtered	yes	-0.0106190099899105	0.00522447558341489	16	3	0.0615174229916999	0.193395186511907
ASV141	Filtered	yes	-0.0242674184433177	0.0116691394299296	16	6	0.0564174170180496	0.193395186511907
ASV144	Filtered	yes	-0.0355406994080894	0.0169278222828063	16	7	0.0543790498477081	0.193395186511907
ASV164	Filtered	yes	-0.0276608997905045	0.0139371696866223	16	4	0.0671340499783097	0.193395186511907
ASV225	Filtered	yes	-0.0220170923309307	0.0112262119775503	16	4	0.0700550395896277	0.193395186511907
ASV243	Filtered	yes	-0.0144685109740555	0.00721566637399306	16	4	0.0646773543277776	0.193395186511907
ASV247	Filtered	yes	-0.0204327643829969	0.0101562915878886	16	4	0.0638934190756164	0.193395186511907
ASV275	Filtered	yes	-0.0134941150459249	0.00671766625493036	16	3	0.0642540681149379	0.193395186511907
ASV279	Filtered	yes	-0.0220935101297899	0.0104343142079668	16	5	0.0526109295210106	0.193395186511907
ASV296	Filtered	yes	-0.00547321556634752	0.00274601085203381	16	3	0.0661077087771801	0.193395186511907
ASV297	Filtered	yes	-0.0125496765761359	0.00632402029296285	16	3	0.0671633099686724	0.193395186511907
ASV305	Filtered	yes	-0.0118314319648196	0.00601401511566903	16	3	0.0692862133574226	0.193395186511907
ASV306	Filtered	yes	-0.00909193744996485	0.00451440927486435	16	3	0.0636431663811853	0.193395186511907
ASV314	Filtered	yes	-0.0117506460704307	0.00596249472827425	16	3	0.0688539534966207	0.193395186511907
ASV320	Filtered	yes	-0.0114859909471246	0.00561972925706105	16	3	0.0602538306782628	0.193395186511907
ASV333	Filtered	yes	-0.0122762198700902	0.00599500215364532	16	3	0.0598269342881912	0.193395186511907
ASV347	Filtered	yes	-0.0119415661548532	0.00587392838748109	16	3	0.0614692687415366	0.193395186511907
ASV368	Filtered	yes	-0.0127624749523795	0.00625960271128703	16	3	0.0608096839163192	0.193395186511907
ASV371	Filtered	yes	-0.0117879746393094	0.00577907289495901	16	3	0.0607087584913201	0.193395186511907
ASV376	Filtered	yes	-0.0111789449974952	0.00546091501585172	16	3	0.059899435736452	0.193395186511907
ASV385	Filtered	yes	-0.00986608311271362	0.0049022246481992	16	3	0.0638071877068505	0.193395186511907
ASV386	Filtered	yes	-0.0103668113488384	0.00511548393505861	16	3	0.0621965086956473	0.193395186511907
ASV390	Filtered	yes	-0.00730604655628108	0.00357732389544899	16	3	0.060425149295351	0.193395186511907
ASV395	Filtered	yes	-0.010624090319721	0.00539961141977612	16	3	0.0692540869277546	0.193395186511907
ASV402	Filtered	yes	-0.00971615088037676	0.00476951573587068	16	3	0.0610026254340022	0.193395186511907
ASV407	Filtered	yes	-0.0104321464769118	0.00528323609927311	16	3	0.0683788109364541	0.193395186511907
ASV435	Filtered	yes	-0.00940523015946802	0.00450332450971901	16	4	0.0554997109968545	0.193395186511907
ASV455	Filtered	yes	-0.0092835575852731	0.00453123798140462	16	3	0.0597118854358256	0.193395186511907
ASV473	Filtered	yes	-0.0083806018314872	0.00423644279660249	16	3	0.0679280697798625	0.193395186511907
ASV475	Filtered	yes	-0.0100440657230641	0.00490178787313862	16	3	0.059682159657309	0.193395186511907
ASV478	Filtered	yes	0.00717945241882207	0.00356865175472396	16	3	0.0638960213300889	0.193395186511907
ASV489	Filtered	yes	-0.00850388154454315	0.00423768635985695	16	3	0.0644917488778179	0.193395186511907
ASV490	Filtered	yes	-0.00875536445893123	0.00438968811256271	16	3	0.0659419539447793	0.193395186511907
ASV495	Filtered	yes	-0.00868964463578832	0.00429148014956918	16	3	0.0623898413969825	0.193395186511907
ASV498	Filtered	yes	-0.00781137498462995	0.00396254038322814	16	3	0.0687859150726142	0.193395186511907
ASV502	Filtered	yes	-0.0100380477218864	0.00496926953000995	16	4	0.0629440703832666	0.193395186511907
ASV503	Filtered	yes	-0.00860558344939694	0.00424575360080983	16	3	0.0621608885869783	0.193395186511907
ASV505	Filtered	yes	-0.00772663248376	0.00391079735105567	16	3	0.0682370625586797	0.193395186511907
ASV507	Filtered	yes	-0.00613509287024665	0.00301253016182907	16	3	0.0610709670514916	0.193395186511907
ASV513	Filtered	yes	-0.0083143396661818	0.00407566411736089	16	3	0.0606834737440821	0.193395186511907
ASV519	Filtered	yes	-0.00260933152127247	0.00129311665467091	16	3	0.0631934096594726	0.193395186511907
ASV526	Filtered	yes	-0.0102057512669683	0.00507234315525455	16	4	0.0638694287269529	0.193395186511907
ASV543	Filtered	yes	-0.00915809476879514	0.00454985082692373	16	3	0.0637767237442429	0.193395186511907
ASV544	Filtered	yes	-0.0070051848336661	0.00353879139119089	16	3	0.0677647481252642	0.193395186511907
ASV554	Filtered	yes	-0.00935595433366105	0.00476622474202473	16	3	0.069833537430352	0.193395186511907
ASV564	Filtered	yes	-0.00910602787641927	0.00454902676767973	16	3	0.065079623865241	0.193395186511907
ASV603	Filtered	yes	-0.00615796634623089	0.00311255742908768	16	3	0.0679021728349113	0.193395186511907
ASV626	Filtered	yes	-0.00747957063626658	0.00372872122644708	16	3	0.0645851290198868	0.193395186511907
ASV636	Filtered	yes	-0.00650248929207651	0.00328761729396397	16	3	0.0679705009933912	0.193395186511907
ASV640	Filtered	yes	-0.00612714300326297	0.00303888771898342	16	3	0.0633804726695423	0.193395186511907
ASV641	Filtered	yes	-0.00629707165579176	0.00313526573579147	16	3	0.0642875498027012	0.193395186511907
ASV681	Filtered	yes	-0.00838782129970528	0.00422461629147545	16	3	0.0670391424643607	0.193395186511907
ASV682	Filtered	yes	-0.00533249585651914	0.00267837766683029	16	3	0.0663741204933692	0.193395186511907
ASV725	Filtered	yes	-0.00547560458199646	0.00269453621384746	16	3	0.0615666340650878	0.193395186511907
ASV730	Filtered	yes	-0.00654168366635113	0.00332995036826726	16	3	0.0696402519695607	0.193395186511907
ASV742	Filtered	yes	-0.00555447699665206	0.00279621346217987	16	3	0.066921619132838	0.193395186511907
ASV751	Filtered	yes	-0.00511190325943375	0.00251436495197553	16	3	0.0614578446407885	0.193395186511907
ASV754	Filtered	yes	-0.00538767761372414	0.00269659791773528	16	3	0.0655319201018288	0.193395186511907
ASV759	Filtered	yes	-0.00496260883405558	0.00244395769770248	16	3	0.0617418452187332	0.193395186511907
ASV808	Filtered	yes	-0.00500115754410599	0.00248090934110391	16	3	0.063425504166079	0.193395186511907
ASV820	Filtered	yes	-0.00477430542759168	0.00240876075541512	16	3	0.0674554472953081	0.193395186511907
ASV837	Filtered	yes	-0.00429659282423591	0.00210536605496131	16	3	0.0605960981747097	0.193395186511907
ASV878	Filtered	yes	-0.00398789698651435	0.00196414841770987	16	3	0.0617665554678853	0.193395186511907
ASV902	Filtered	yes	-0.00451632852051715	0.00224005195056989	16	3	0.0633890382249934	0.193395186511907
ASV971	Filtered	yes	-0.00343313545721795	0.00170691146815501	16	3	0.0639539916864452	0.193395186511907
ASV996	Filtered	yes	-0.00343541030597646	0.00170918799267207	16	3	0.0641116001347387	0.193395186511907
ASV1043	Filtered	yes	-0.00405335109688521	0.00205202117533445	16	3	0.0682892520201393	0.193395186511907
ASV1168	Filtered	yes	-0.00296930602282081	0.00145366147025491	16	3	0.0603899601921949	0.193395186511907
ASV1170	Filtered	yes	-0.00342572199274892	0.00172881492726114	16	3	0.067518658387576	0.193395186511907
ASV693	Filtered	yes	-0.00579819281743738	0.00296213601344491	16	3	0.0705369860884287	0.193976711743179
ASV649	Filtered	yes	-0.00742149895205332	0.00379569525159662	16	3	0.0708178718657494	0.194002982314218
ASV124	Filtered	yes	-0.0340320970474321	0.0175019718439676	16	4	0.0722104503173203	0.19463360818676
ASV280	Filtered	yes	-0.0127169332926293	0.00653761666805966	16	3	0.0721163219802257	0.19463360818676
ASV417	Filtered	yes	-0.0104525356409775	0.00538649137175684	16	3	0.0727291617530118	0.19463360818676
ASV433	Filtered	yes	-0.00885534778257963	0.00455856665186573	16	3	0.0724586264556084	0.19463360818676
ASV518	Filtered	yes	-0.00997743381257304	0.00514618368792747	16	3	0.0729535762154569	0.19463360818676
ASV765	Filtered	yes	-0.00619739223987821	0.00318620521349199	16	3	0.0721324906201289	0.19463360818676
ASV1067	Filtered	yes	-0.00303531385454987	0.00155595495134917	16	3	0.071392751451055	0.19463360818676
ASV282	Filtered	yes	-0.0137763368640857	0.00711456733806516	16	3	0.0732763468204339	0.194767985043161
ASV404	Filtered	yes	-0.0117426954028187	0.00607390221347723	16	3	0.0736809772896894	0.195118143563437
ASV43	Filtered	yes	-0.00685926204457743	0.00356987621915249	16	6	0.0752741856441432	0.196427163268476
ASV99	Filtered	yes	-0.0273284368472886	0.0142013999573836	16	3	0.0748796116219953	0.196427163268476
ASV326	Filtered	yes	-0.013139011607978	0.00683639849899165	16	3	0.0752076216196811	0.196427163268476
ASV356	Filtered	yes	-0.00917280045765545	0.00477197589166843	16	3	0.0751666674194083	0.196427163268476
ASV363	Filtered	yes	-0.00982274061730258	0.00512304058308144	16	3	0.0758264504390727	0.197148771141589
ASV861	Filtered	yes	-0.00406965346794539	0.00213443792388993	16	3	0.0772987209580178	0.200248498133995
ASV787	Filtered	yes	-0.00472192742889614	0.00248231423549628	16	3	0.0779163343888666	0.201119780101226
ASV346	Filtered	yes	-0.0102780419715778	0.00541455541497895	16	3	0.0784776717852468	0.20184005513112
ASV337	Filtered	yes	-0.0126099038667946	0.00666208355350468	16	3	0.0792459741532501	0.203085561002057
ASV130	Filtered	yes	-0.0287952577646046	0.0154159222160216	16	3	0.0828508300780408	0.203614480481416
ASV180	Filtered	yes	-0.0171816376584583	0.00912866524500386	16	3	0.0807665900774033	0.203614480481416
ASV286	Filtered	yes	-0.0119411313412331	0.00635067012418247	16	5	0.0810367385037725	0.203614480481416
ASV311	Filtered	yes	-0.0110495184681883	0.00588064208871898	16	3	0.0812295363802699	0.203614480481416
ASV317	Filtered	yes	-0.00779358688859276	0.00412708477198098	16	3	0.0798707260539317	0.203614480481416
ASV439	Filtered	yes	-0.0120948299171292	0.00646391033795643	16	4	0.0823732876549215	0.203614480481416
ASV476	Filtered	yes	-0.00846071793737117	0.00452383006901863	16	3	0.0825021897753441	0.203614480481416
ASV546	Filtered	yes	-0.0108075706950159	0.00576496649788129	16	4	0.0818507994624107	0.203614480481416
ASV586	Filtered	yes	-0.00750448067455077	0.00399426580848606	16	3	0.0812514633567534	0.203614480481416
ASV779	Filtered	yes	-0.00586543994499461	0.00313669844675166	16	3	0.0825485273664031	0.203614480481416
ASV784	Filtered	yes	-0.00430806941732537	0.00230653943987948	16	3	0.0828696696784505	0.203614480481416
ASV795	Filtered	yes	-0.00573378055191977	0.00306353330518188	16	3	0.082301120560524	0.203614480481416
ASV5	Filtered	yes	0.13604819812201	0.0762327112368146	16	16	0.0959967963391071	0.204572276121504
ASV7	Filtered	yes	-0.193450843877114	0.110041404345687	16	16	0.100582819621831	0.204572276121504
ASV14	Filtered	yes	-0.116241072525597	0.0643550582164846	16	16	0.0924179437703917	0.204572276121504
ASV18	Filtered	yes	-0.0808614011913784	0.0541958132903225	16	10	0.157881148267441	0.204572276121504
ASV48	Filtered	yes	-0.0157122263484155	0.00924994777227658	16	3	0.111492910297944	0.204572276121504
ASV58	Filtered	yes	-0.052752079048577	0.030056528682121	16	5	0.101090831836044	0.204572276121504
ASV63	Filtered	yes	-0.0277553840861919	0.0162337620589734	16	8	0.109376267695667	0.204572276121504
ASV65	Filtered	yes	-0.0303285550583062	0.01783532305087	16	5	0.111138109415129	0.204572276121504
ASV69	Filtered	yes	-0.0309699349277957	0.0167305482010246	16	6	0.0853644348378789	0.204572276121504
ASV94	Filtered	yes	-0.0432100087160954	0.0240816189516324	16	9	0.0943795807849482	0.204572276121504
ASV97	Filtered	yes	-0.0385885786971644	0.0210204031480513	16	4	0.0877194980115823	0.204572276121504
ASV112	Filtered	yes	-0.00350747485746229	0.00241149317491515	16	2	0.167864136025282	0.204572276121504
ASV118	Filtered	yes	-0.0199498350686115	0.0133771831155027	16	2	0.158060039285898	0.204572276121504
ASV120	Filtered	yes	-0.0331475801213529	0.0181945867102603	16	4	0.0899092839289599	0.204572276121504
ASV121	Filtered	yes	-0.0191542966878755	0.0128749848315364	16	3	0.159001092221077	0.204572276121504
ASV127	Filtered	yes	-0.00590968960946035	0.00388370301826561	16	2	0.150355626404722	0.204572276121504
ASV129	Filtered	yes	-0.0181172946522537	0.0118625910192484	16	2	0.148968602735402	0.204572276121504
ASV136	Filtered	yes	-0.0318457254125184	0.019098020103433	16	5	0.1176213991761	0.204572276121504
ASV137	Filtered	yes	-0.0217473988996967	0.0120645816226438	16	8	0.0930164553563268	0.204572276121504
ASV138	Filtered	yes	-0.0344812026068806	0.0199105747332091	16	7	0.105273258120779	0.204572276121504
ASV140	Filtered	yes	-0.0254221667140464	0.0175006181870126	16	2	0.168366321207573	0.204572276121504
ASV146	Filtered	yes	-0.016340693670196	0.0100665843663857	16	6	0.126828212083046	0.204572276121504
ASV152	Filtered	yes	-0.0147694808403688	0.0101564437777943	16	5	0.167941768325438	0.204572276121504
ASV156	Filtered	yes	-0.0186797941513157	0.0103530925427912	16	3	0.0927399970082389	0.204572276121504
ASV159	Filtered	yes	-0.00162208991769729	0.00107578182061818	16	2	0.153830786849655	0.204572276121504
ASV161	Filtered	yes	-0.0167068979745291	0.0101837085298914	16	3	0.123157121914075	0.204572276121504
ASV162	Filtered	yes	-0.00429746744699036	0.00282002177180872	16	2	0.149797145179072	0.204572276121504
ASV165	Filtered	yes	-0.0155627872967749	0.0104353039695462	16	2	0.158053234144219	0.204572276121504
ASV169	Filtered	yes	-0.0183486503677123	0.0102082957730017	16	5	0.093864640082942	0.204572276121504
ASV171	Filtered	yes	-0.00427472730571466	0.00284455562176511	16	2	0.155115425547085	0.204572276121504
ASV172	Filtered	yes	-0.0274349214597744	0.016934444303955	16	3	0.127516765163609	0.204572276121504
ASV177	Filtered	yes	-0.0214201801417069	0.0142819468103689	16	2	0.15587449757639	0.204572276121504
ASV185	Filtered	yes	-0.0141339276570767	0.00931767827358155	16	2	0.151545813012321	0.204572276121504
ASV186	Filtered	yes	-0.015279695931821	0.00955036696982577	16	5	0.131936456682462	0.204572276121504
ASV189	Filtered	yes	-0.0213367148271783	0.0142006159073653	16	2	0.155180466546307	0.204572276121504
ASV191	Filtered	yes	-0.020445735371682	0.0110686009045402	16	3	0.0859607071250155	0.204572276121504
ASV197	Filtered	yes	-0.0151755196567784	0.00878055911713563	16	3	0.105913710122077	0.204572276121504
ASV199	Filtered	yes	-0.0209813413930805	0.0137392508929312	16	2	0.149006432123169	0.204572276121504
ASV201	Filtered	yes	-0.0150668441792564	0.00869656190563989	16	3	0.105144945938311	0.204572276121504
ASV203	Filtered	yes	-0.0196748526169353	0.0117320003683669	16	3	0.115714176380522	0.204572276121504
ASV209	Filtered	yes	-0.0216382301031711	0.0129856531430595	16	3	0.117857295808231	0.204572276121504
ASV210	Filtered	yes	-0.0137075235936474	0.00847980147650845	16	3	0.128291124379472	0.204572276121504
ASV212	Filtered	yes	-0.0146631125141589	0.0089123003443688	16	5	0.122172060302593	0.204572276121504
ASV215	Filtered	yes	-0.0130616049762179	0.00857796777403953	16	2	0.150100004531591	0.204572276121504
ASV219	Filtered	yes	-0.00959768260669303	0.00647842243457077	16	2	0.160632032257436	0.204572276121504
ASV220	Filtered	yes	-0.0205352568869732	0.0125419228984058	16	3	0.123834208179129	0.204572276121504
ASV228	Filtered	yes	-0.0123952251851919	0.00819181456605294	16	2	0.152492242128994	0.204572276121504
ASV232	Filtered	yes	-0.0125045142581756	0.00762259822308981	16	5	0.123177761489908	0.204572276121504
ASV238	Filtered	yes	-0.0185777965740124	0.0122563835765018	16	3	0.151828627089288	0.204572276121504
ASV240	Filtered	yes	-0.0115914588882067	0.00792386539708935	16	2	0.165593435302872	0.204572276121504
ASV241	Filtered	yes	-0.0117814782304457	0.00779310496854036	16	2	0.152830037992368	0.204572276121504
ASV244	Filtered	yes	-0.0112594292457204	0.00756600656942575	16	2	0.1588848611718	0.204572276121504
ASV250	Filtered	yes	-0.0122580058338385	0.00732211613017609	16	3	0.116294798013657	0.204572276121504
ASV251	Filtered	yes	-0.0171965231537361	0.0102595672109588	16	5	0.115888931547635	0.204572276121504
ASV253	Filtered	yes	-0.0144030921870517	0.00788766087354192	16	3	0.0892454207887363	0.204572276121504
ASV256	Filtered	yes	-0.0105236276981039	0.00727722460351926	16	2	0.170162523450427	0.204572276121504
ASV261	Filtered	yes	-0.00327073820992044	0.00214339310202105	16	2	0.149289671202489	0.204572276121504
ASV264	Filtered	yes	-0.016519561180685	0.0108473895133933	16	2	0.150046778304133	0.204572276121504
ASV265	Filtered	yes	-0.0106425197011689	0.00706714277016818	16	3	0.1543153687889	0.204572276121504
ASV268	Filtered	yes	-0.0104668636782337	0.00700832087174703	16	2	0.157501135082713	0.204572276121504
ASV273	Filtered	yes	-0.010508466003609	0.00689505509844816	16	2	0.149761091646862	0.204572276121504
ASV281	Filtered	yes	-0.0113144662736561	0.00669903455319285	16	3	0.113363264563254	0.204572276121504
ASV284	Filtered	yes	-0.0156348702323221	0.00990503513666084	16	4	0.136778332151093	0.204572276121504
ASV287	Filtered	yes	-0.010246871411016	0.00671091532093373	16	2	0.149059085833097	0.204572276121504
ASV290	Filtered	yes	-0.0102021091055403	0.00673042069314771	16	2	0.151814717976414	0.204572276121504
ASV293	Filtered	yes	-0.0165483560067114	0.00973313458191605	16	3	0.111189615865119	0.204572276121504
ASV316	Filtered	yes	-0.00910500416853676	0.00604619072532175	16	2	0.154317388750079	0.204572276121504
ASV318	Filtered	yes	-0.0141439283650152	0.00915019628853469	16	4	0.144465448267386	0.204572276121504
ASV319	Filtered	yes	-0.00914320569620933	0.00599315771738987	16	2	0.149377557541197	0.204572276121504
ASV327	Filtered	yes	-0.00875340331753182	0.00604568062173517	16	2	0.169674047352013	0.204572276121504
ASV330	Filtered	yes	-0.00889507464092086	0.0058293904282014	16	2	0.149304873722373	0.204572276121504
ASV332	Filtered	yes	-0.0086821633069097	0.00574760352707088	16	2	0.153135714132245	0.204572276121504
ASV335	Filtered	yes	-0.00868744894285679	0.00570757490992806	16	2	0.150249350908402	0.204572276121504
ASV338	Filtered	yes	-0.0148651082852178	0.00801628582473166	16	4	0.0848707074929472	0.204572276121504
ASV342	Filtered	yes	-0.0127066038661771	0.00862519448201785	16	2	0.162823677233222	0.204572276121504
ASV351	Filtered	yes	-0.00826479298245038	0.00556019211180032	16	2	0.159338176519028	0.204572276121504
ASV353	Filtered	yes	-0.0124377732922828	0.00835095202882572	16	2	0.158566309972294	0.204572276121504
ASV358	Filtered	yes	-0.0112755958734061	0.00702328050866932	16	3	0.13070601224167	0.204572276121504
ASV359	Filtered	yes	-0.0118982597346921	0.0080085115002182	16	2	0.159526408565611	0.204572276121504
ASV360	Filtered	yes	-0.0112594949790609	0.00678229813950299	16	3	0.119111740831591	0.204572276121504
ASV367	Filtered	yes	-0.0122276034298625	0.00803706700358833	16	2	0.150420898942872	0.204572276121504
ASV369	Filtered	yes	-0.00784588813325062	0.00522337162019804	16	2	0.155294637004413	0.204572276121504
ASV380	Filtered	yes	-0.00782113957683894	0.0051229834752916	16	2	0.149113290760854	0.204572276121504
ASV388	Filtered	yes	-0.0110617311999747	0.00650148575121317	16	3	0.110958236124418	0.204572276121504
ASV400	Filtered	yes	-0.00732471214745762	0.00482310346669468	16	2	0.151101170955921	0.204572276121504
ASV403	Filtered	yes	-0.0110078183596806	0.00722656207719897	16	2	0.14996300292284	0.204572276121504
ASV405	Filtered	yes	-0.0112588304067275	0.00732183113264167	16	3	0.146410385384667	0.204572276121504
ASV409	Filtered	yes	-0.00865496450673322	0.00508910603474122	16	3	0.111098293045882	0.204572276121504
ASV411	Filtered	yes	-0.0109222540939587	0.00733985732654257	16	2	0.158907183922249	0.204572276121504
ASV419	Filtered	yes	-0.010960426959072	0.00719058855000793	16	2	0.149707646183654	0.204572276121504
ASV420	Filtered	yes	-0.0108868166423578	0.0071994122457403	16	2	0.152729460954998	0.204572276121504
ASV422	Filtered	yes	-0.00716757931323221	0.00470362484460037	16	2	0.149814806746405	0.204572276121504
ASV423	Filtered	yes	-0.00720712660751513	0.00471859166943944	16	2	0.148937396763141	0.204572276121504
ASV425	Filtered	yes	-0.00823279254888368	0.00452401630014019	16	3	0.0902340621427086	0.204572276121504
ASV429	Filtered	yes	-0.0108637171520039	0.00714114545700005	16	2	0.150449821958147	0.204572276121504
ASV430	Filtered	yes	-0.0107812181631226	0.00715443657528875	16	2	0.154058252714401	0.204572276121504
ASV434	Filtered	yes	-0.0105347505146062	0.0070956726474363	16	2	0.159795642487592	0.204572276121504
ASV444	Filtered	yes	-0.0139624027476014	0.00751964440370082	16	3	0.0845051252481956	0.204572276121504
ASV449	Filtered	yes	-0.00659686192109798	0.00450581922857612	16	2	0.165264147120551	0.204572276121504
ASV451	Filtered	yes	-0.00460728968524377	0.00302810914915677	16	2	0.150394547016091	0.204572276121504
ASV452	Filtered	yes	-0.00681146716556575	0.0045503771853826	16	2	0.156621132499483	0.204572276121504
ASV456	Filtered	yes	-0.00679169291847064	0.00446830081420473	16	2	0.150776768575593	0.204572276121504
ASV461	Filtered	yes	-0.00769597354542277	0.00456255062534373	16	3	0.11379302199286	0.204572276121504
ASV480	Filtered	yes	-0.00639532939486286	0.00421512205728256	16	2	0.151460471470342	0.204572276121504
ASV484	Filtered	yes	-0.00427453379251875	0.00292488816580348	16	2	0.165976551166786	0.204572276121504
ASV485	Filtered	yes	-0.00634188856751804	0.00419807330624017	16	2	0.15311160831452	0.204572276121504
ASV486	Filtered	yes	-0.0106557419645607	0.00597158942145299	16	3	0.0960367292632352	0.204572276121504
ASV487	Filtered	yes	-0.0121371730384634	0.00741423238614731	16	3	0.123901447822174	0.204572276121504
ASV496	Filtered	yes	-0.00634175102069943	0.00435535224344844	16	2	0.167428252970467	0.204572276121504
ASV501	Filtered	yes	-0.00614561337994458	0.00405648953927388	16	2	0.152018573646446	0.204572276121504
ASV504	Filtered	yes	-0.00620322056001865	0.00406676913947864	16	2	0.149442792665547	0.204572276121504
ASV511	Filtered	yes	-0.00594771036805713	0.00391110282880811	16	2	0.150589299540286	0.204572276121504
ASV515	Filtered	yes	-0.00595329114985545	0.00390039706085151	16	2	0.149199052305815	0.204572276121504
ASV521	Filtered	yes	-0.0058847478579134	0.00388916003804852	16	2	0.152494226751745	0.204572276121504
ASV527	Filtered	yes	-0.00883704817347815	0.00569130455832163	16	3	0.142796494901481	0.204572276121504
ASV529	Filtered	yes	-0.00550248471964617	0.00372270566054758	16	2	0.161527285892044	0.204572276121504
ASV534	Filtered	yes	-0.0109131242183739	0.00595970261019976	16	4	0.0884396648313906	0.204572276121504
ASV535	Filtered	yes	-0.00551173765684413	0.0037032731109924	16	2	0.15883743009621	0.204572276121504
ASV545	Filtered	yes	-0.00554295459405111	0.00369160146795313	16	2	0.155440226134014	0.204572276121504
ASV548	Filtered	yes	-0.00545493236990068	0.00367268350304904	16	2	0.159638902147519	0.204572276121504
ASV549	Filtered	yes	-0.00248042345022107	0.00163011962650361	16	2	0.150366349818853	0.204572276121504
ASV551	Filtered	yes	-0.00624727245268912	0.00353606618232747	16	3	0.0990572641221186	0.204572276121504
ASV552	Filtered	yes	-0.00542187733025252	0.00357752582716555	16	2	0.151885472137438	0.204572276121504
ASV561	Filtered	yes	-0.00532324856112283	0.0035047624675813	16	2	0.15105386653402	0.204572276121504
ASV565	Filtered	yes	-0.00585759170620337	0.00338232836746236	16	3	0.10526981731575	0.204572276121504
ASV569	Filtered	yes	-0.00530790948071751	0.00351074638756552	16	2	0.152799502782585	0.204572276121504
ASV570	Filtered	yes	-0.0052936776367931	0.00347136607850249	16	2	0.149538938542759	0.204572276121504
ASV572	Filtered	yes	-0.00734360323035537	0.00491465358174381	16	3	0.157311126160309	0.204572276121504
ASV574	Filtered	yes	-0.00745894956781233	0.00479344747657849	16	3	0.142002384799495	0.204572276121504
ASV575	Filtered	yes	-0.00522934771570074	0.00342361712249302	16	2	0.148926485607592	0.204572276121504
ASV577	Filtered	yes	-0.00667718918906688	0.00454566893048691	16	2	0.16396621955761	0.204572276121504
ASV578	Filtered	yes	-0.00512185627511759	0.00343874295066761	16	2	0.158547555530186	0.204572276121504
ASV579	Filtered	yes	-0.00513491149478913	0.00337335073735635	16	2	0.150222506437029	0.204572276121504
ASV580	Filtered	yes	-0.00512138792441745	0.0033570317264246	16	2	0.149386728628702	0.204572276121504
ASV581	Filtered	yes	-0.00501285623683753	0.00333070077940009	16	2	0.154536657107817	0.204572276121504
ASV582	Filtered	yes	-0.00510112346750326	0.00337520927505058	16	2	0.152939005055661	0.204572276121504
ASV583	Filtered	yes	-0.00499965748515408	0.00333075855736117	16	2	0.155554679414681	0.204572276121504
ASV584	Filtered	yes	-0.00508142964047737	0.00333529689972842	16	2	0.149891731125457	0.204572276121504
ASV585	Filtered	yes	-0.00494480253108288	0.00341650202325326	16	2	0.169824986984798	0.204572276121504
ASV589	Filtered	yes	-0.00393224783421342	0.00262690795464763	16	2	0.156618687307774	0.204572276121504
ASV595	Filtered	yes	-0.00492307833204719	0.0032229726025337	16	2	0.148911041136865	0.204572276121504
ASV596	Filtered	yes	-0.00484510345472608	0.00321111438246184	16	2	0.153569843202824	0.204572276121504
ASV602	Filtered	yes	-0.00486354666082518	0.00320424497406351	16	2	0.15130785904642	0.204572276121504
ASV609	Filtered	yes	-0.00479603011750079	0.00316655154240476	16	2	0.152123258924901	0.204572276121504
ASV614	Filtered	yes	-0.00476594804905705	0.00312004642252214	16	2	0.148904000068187	0.204572276121504
ASV615	Filtered	yes	-0.00477109129048997	0.00312485722950978	16	2	0.149078164713181	0.204572276121504
ASV616	Filtered	yes	-0.00713309749855068	0.00475611810225	16	2	0.155883508576717	0.204572276121504
ASV617	Filtered	yes	-0.00546720583305532	0.00357981297105027	16	2	0.148976154057906	0.204572276121504
ASV618	Filtered	yes	-0.00658631918683548	0.00437947958382585	16	2	0.154827282506904	0.204572276121504
ASV619	Filtered	yes	-0.00470656292955886	0.00314179001119394	16	2	0.156325421222445	0.204572276121504
ASV620	Filtered	yes	-0.00470860631618578	0.00309080118060699	16	2	0.149917928004246	0.204572276121504
ASV627	Filtered	yes	0.00408482668160812	0.00267500925137647	16	2	0.149025394696319	0.204572276121504
ASV629	Filtered	yes	-0.00460782691157262	0.00301879830858092	16	2	0.14918710709083	0.204572276121504
ASV630	Filtered	yes	-0.00441316695124214	0.00300514138308331	16	2	0.164066142154576	0.204572276121504
ASV637	Filtered	yes	-0.00630498794709529	0.00419154596018619	16	2	0.154748055382704	0.204572276121504
ASV638	Filtered	yes	-0.00428598193730344	0.00296650163252971	16	2	0.17052458261317	0.204572276121504
ASV647	Filtered	yes	-0.00443765652788941	0.00300617063469535	16	2	0.162031154547248	0.204572276121504
ASV652	Filtered	yes	-0.00430437562322734	0.00295018548617142	16	2	0.16663056889218	0.204572276121504
ASV654	Filtered	yes	-0.00439817298951264	0.00287929228010804	16	2	0.148905469637662	0.204572276121504
ASV657	Filtered	yes	-0.00471397517564441	0.00317747092953916	16	2	0.160086582712459	0.204572276121504
ASV659	Filtered	yes	-0.00611420779100194	0.0041853252827863	16	2	0.166129813043064	0.204572276121504
ASV660	Filtered	yes	-0.004150395212996	0.00271832822788248	16	2	0.149078154426349	0.204572276121504
ASV667	Filtered	yes	-0.00486249552603172	0.0027117000953789	16	3	0.0945724387569624	0.204572276121504
ASV673	Filtered	yes	-0.00513451637418738	0.00336148758144195	16	2	0.148921539073867	0.204572276121504
ASV680	Filtered	yes	-0.00521216096563794	0.0034884925636432	16	2	0.157343372351752	0.204572276121504
ASV686	Filtered	yes	-0.00637743002904907	0.00417788758251544	16	2	0.149163756384646	0.204572276121504
ASV687	Filtered	yes	-0.00703698663710403	0.00460729563243144	16	2	0.148945299801905	0.204572276121504
ASV689	Filtered	yes	-0.00754551098960425	0.00507685766858629	16	2	0.159381542014651	0.204572276121504
ASV695	Filtered	yes	-0.00404420350551006	0.00270369825527613	16	2	0.156903807658793	0.204572276121504
ASV704	Filtered	yes	-0.00407947094446487	0.00273026193812267	16	2	0.157326027432818	0.204572276121504
ASV705	Filtered	yes	-0.00405561822672522	0.0027421059809195	16	2	0.161282213274935	0.204572276121504
ASV708	Filtered	yes	-0.00620557523068146	0.00406748909454332	16	2	0.149366381275948	0.204572276121504
ASV712	Filtered	yes	-0.00407291237005667	0.00266645575218967	16	2	0.148919237443147	0.204572276121504
ASV717	Filtered	yes	-0.00603087449563927	0.00406491005410897	16	2	0.160065406381504	0.204572276121504
ASV718	Filtered	yes	-0.00403587418382097	0.00265713315467974	16	2	0.151048501502891	0.204572276121504
ASV719	Filtered	yes	-0.00400454588136885	0.00263242049764685	16	2	0.150460769743747	0.204572276121504
ASV720	Filtered	yes	-0.00401393299429032	0.00263389409823442	16	2	0.149786989436432	0.204572276121504
ASV721	Filtered	yes	-0.00401988322676069	0.00267102394752022	16	2	0.154548983859181	0.204572276121504
ASV727	Filtered	yes	-0.00393419807248924	0.00260523278252924	16	2	0.153251220140643	0.204572276121504
ASV731	Filtered	yes	-0.00395856035624768	0.00260707396037881	16	2	0.151171096627924	0.204572276121504
ASV733	Filtered	yes	-0.00515852209684404	0.0033992483511419	16	2	0.151382119683179	0.204572276121504
ASV736	Filtered	yes	-0.00532734721982002	0.00288611132383821	16	3	0.0861635068878554	0.204572276121504
ASV749	Filtered	yes	-0.00381075621967336	0.00250513799295782	16	2	0.150476892006342	0.204572276121504
ASV756	Filtered	yes	-0.00375578414552687	0.0025316720146797	16	2	0.160097797539659	0.204572276121504
ASV760	Filtered	yes	-0.00368489549142792	0.00245013276831044	16	2	0.154813786465376	0.204572276121504
ASV767	Filtered	yes	-0.00370148403536056	0.00242755841956266	16	2	0.149583171739703	0.204572276121504
ASV768	Filtered	yes	-0.0035318440007512	0.00242935908817025	16	2	0.168045730798749	0.204572276121504
ASV769	Filtered	yes	-0.0037213293098409	0.00243845809376425	16	2	0.149255928111059	0.204572276121504
ASV773	Filtered	yes	-0.00367067538582072	0.00240361359571983	16	2	0.148996771997474	0.204572276121504
ASV774	Filtered	yes	-0.00357724968290401	0.00239677183958204	16	2	0.157750267675119	0.204572276121504
ASV777	Filtered	yes	-0.00363771541463284	0.00238373055181654	16	2	0.149265698201514	0.204572276121504
ASV783	Filtered	yes	-0.00421078688911804	0.00276422883621115	16	2	0.149945812819289	0.204572276121504
ASV785	Filtered	yes	-0.00354429570804546	0.00239606286581274	16	2	0.16122928909415	0.204572276121504
ASV786	Filtered	yes	-0.00359103145489785	0.00235089187427517	16	2	0.148905469527952	0.204572276121504
ASV792	Filtered	yes	-0.00385306780218877	0.00261444492490339	16	2	0.162673458010104	0.204572276121504
ASV793	Filtered	yes	-0.00354621578643952	0.0023409085206231	16	2	0.152048485534335	0.204572276121504
ASV805	Filtered	yes	-0.00625194223716704	0.00414395069040671	16	2	0.15361109928202	0.204572276121504
ASV812	Filtered	yes	-0.00339011322906065	0.00222888073842757	16	2	0.150522344359032	0.204572276121504
ASV815	Filtered	yes	-0.00334985835550407	0.00220000585457633	16	2	0.150108300124266	0.204572276121504
ASV819	Filtered	yes	-0.00380962304780124	0.00251708651807104	16	2	0.152396193371304	0.204572276121504
ASV821	Filtered	yes	-0.00311735746912555	0.00213425245592006	16	2	0.166193641812602	0.204572276121504
ASV822	Filtered	yes	-0.00323698159654853	0.00223650530646581	16	2	0.169822208750122	0.204572276121504
ASV824	Filtered	yes	-0.00332334173009249	0.00219312552886242	16	2	0.151933966276485	0.204572276121504
ASV838	Filtered	yes	-0.00322999623803284	0.00211454243010445	16	2	0.148906286714507	0.204572276121504
ASV840	Filtered	yes	-0.00451059346207075	0.00297194624343196	16	2	0.151338128029894	0.204572276121504
ASV841	Filtered	yes	-0.00651822394169999	0.00370091872251973	16	3	0.10001140977009	0.204572276121504
ASV842	Filtered	yes	-0.00172232326223621	0.00113164303476779	16	2	0.15028021644339	0.204572276121504
ASV851	Filtered	yes	-0.00317886954502418	0.00208157169639904	16	2	0.148996768660823	0.204572276121504
ASV853	Filtered	yes	-0.00311735746912555	0.00213425245592006	16	2	0.166193641812602	0.204572276121504
ASV862	Filtered	yes	-0.00311089584323917	0.00208291666906278	16	2	0.157491365854514	0.204572276121504
ASV863	Filtered	yes	-0.00312275427309559	0.00207592120628868	16	2	0.154733124913108	0.204572276121504
ASV865	Filtered	yes	-0.0030847356463961	0.00204364188182857	16	2	0.153423969088252	0.204572276121504
ASV866	Filtered	yes	-0.00224808480610893	0.00152737678374464	16	2	0.163179336972283	0.204572276121504
ASV867	Filtered	yes	-0.0031311857444055	0.00206963415048687	16	2	0.152544031955206	0.204572276121504
ASV876	Filtered	yes	-0.00462385322744464	0.00302855316688897	16	2	0.149094404514595	0.204572276121504
ASV879	Filtered	yes	-0.00299932172216866	0.00197924952874561	16	2	0.151924343742488	0.204572276121504
ASV880	Filtered	yes	-0.00303771331785528	0.00198956993513979	16	2	0.149078139570487	0.204572276121504
ASV883	Filtered	yes	-0.00296192258754875	0.00198263069948903	16	2	0.157386170836792	0.204572276121504
ASV888	Filtered	yes	-0.00263925124252327	0.00177019578512621	16	2	0.158162669583262	0.204572276121504
ASV894	Filtered	yes	-0.00346696927007175	0.00227206630750057	16	2	0.14930266967102	0.204572276121504
ASV895	Filtered	yes	-0.00369144866663062	0.0024427585005757	16	2	0.152981879205448	0.204572276121504
ASV896	Filtered	yes	-0.002921634105112	0.00191530155316418	16	2	0.149424578910481	0.204572276121504
ASV901	Filtered	yes	-0.00459489950995153	0.00247355717403253	16	3	0.0843822636976823	0.204572276121504
ASV903	Filtered	yes	-0.00432230333232755	0.00288107585235589	16	2	0.155763985284236	0.204572276121504
ASV904	Filtered	yes	-0.00287313213403152	0.00188199236587227	16	2	0.149121398369941	0.204572276121504
ASV906	Filtered	yes	-0.00283444389675973	0.00192435061288384	16	2	0.162893081332216	0.204572276121504
ASV920	Filtered	yes	-0.00414820411312744	0.00277407182811799	16	2	0.157021352865948	0.204572276121504
ASV921	Filtered	yes	-0.00417817961307478	0.00276934836101286	16	2	0.153603060744784	0.204572276121504
ASV937	Filtered	yes	0.00349584429082039	0.00238182472804861	16	2	0.164286259377711	0.204572276121504
ASV939	Filtered	yes	-0.0027116514419275	0.00177547379303122	16	2	0.148963563006809	0.204572276121504
ASV940	Filtered	yes	-0.00266577004369717	0.00176974759810668	16	2	0.154217756571248	0.204572276121504
ASV949	Filtered	yes	-0.00396531442671474	0.00266301960038508	16	2	0.158658531835451	0.204572276121504
ASV950	Filtered	yes	-0.00334785564678761	0.00227664125804927	16	2	0.16353558910265	0.204572276121504
ASV951	Filtered	yes	-0.00342964114125743	0.00237263015775472	16	2	0.170328889161004	0.204572276121504
ASV953	Filtered	yes	-0.00264952530734191	0.00173629973835959	16	2	0.149290178056349	0.204572276121504
ASV954	Filtered	yes	-0.00263617974321954	0.00173386774869426	16	2	0.150669116617	0.204572276121504
ASV955	Filtered	yes	-0.00256025580160672	0.00173410590234714	16	2	0.161970227741342	0.204572276121504
ASV957	Filtered	yes	-0.00265763890832747	0.00173985755035557	16	2	0.148909176833456	0.204572276121504
ASV958	Filtered	yes	-0.0026606862471782	0.00174450862328381	16	2	0.149483775215839	0.204572276121504
ASV959	Filtered	yes	-0.00265763890832747	0.00173985755035557	16	2	0.148909176833456	0.204572276121504
ASV974	Filtered	yes	-0.00258599086077217	0.00172328678578965	16	2	0.155667631784496	0.204572276121504
ASV976	Filtered	yes	-0.00254528509183019	0.0017425892078865	16	2	0.166193098070409	0.204572276121504
ASV977	Filtered	yes	-0.00254528509183019	0.0017425892078865	16	2	0.166193098070409	0.204572276121504
ASV980	Filtered	yes	-0.00249359325960722	0.00165544290946185	16	2	0.15421770759465	0.204572276121504
ASV982	Filtered	yes	-0.00251514846206325	0.00165637611420445	16	2	0.151152975408505	0.204572276121504
ASV984	Filtered	yes	-0.00253019486692801	0.0016586902508227	16	2	0.149424567088618	0.204572276121504
ASV988	Filtered	yes	-0.00445248544973407	0.00293394037144692	16	2	0.151374405700334	0.204572276121504
ASV998	Filtered	yes	-0.00244129739993763	0.00165540925057673	16	2	0.162413708340674	0.204572276121504
ASV999	Filtered	yes	-0.00247388112422817	0.00162014768756174	16	2	0.149046332038963	0.204572276121504
ASV1002	Filtered	yes	-0.00307537064040513	0.00205274569944843	16	2	0.156293866169354	0.204572276121504
ASV1005	Filtered	yes	-0.00240451756917846	0.00160067412455744	16	2	0.15526472333068	0.204572276121504
ASV1006	Filtered	yes	-0.00240482218576337	0.00157729531837812	16	2	0.149614673443598	0.204572276121504
ASV1007	Filtered	yes	-0.00241829731563548	0.00158606910839024	16	2	0.149599344544622	0.204572276121504
ASV1027	Filtered	yes	-0.00417445049890691	0.00273563550478567	16	2	0.149292165712857	0.204572276121504
ASV1034	Filtered	yes	-0.00232856419830267	0.00159686502062585	16	2	0.166849980514436	0.204572276121504
ASV1037	Filtered	yes	-0.00228303035304229	0.00150771575886541	16	2	0.1522136020511	0.204572276121504
ASV1038	Filtered	yes	-0.00228746555288228	0.00150059590402239	16	2	0.149683494356272	0.204572276121504
ASV1039	Filtered	yes	-0.00227021613344719	0.00151659723986779	16	2	0.156617872728541	0.204572276121504
ASV1045	Filtered	yes	-0.00410579569097085	0.00269137000947389	16	2	0.149393941228895	0.204572276121504
ASV1049	Filtered	yes	-0.00326920519224232	0.00224429251514609	16	2	0.167266922630384	0.204572276121504
ASV1051	Filtered	yes	-0.0022080899988616	0.0014678764116359	16	2	0.154732830825108	0.204572276121504
ASV1052	Filtered	yes	-0.00215794564801848	0.00149097013317586	16	2	0.169821051483607	0.204572276121504
ASV1053	Filtered	yes	-0.00216639721138303	0.00144503276695697	16	2	0.156029747267175	0.204572276121504
ASV1057	Filtered	yes	-0.00250046025894271	0.00165902396868207	16	2	0.153992285896781	0.204572276121504
ASV1062	Filtered	yes	-0.00386394189798223	0.00255486651990496	16	2	0.152678128389915	0.204572276121504
ASV1069	Filtered	yes	-0.00214277209204774	0.00141778319096173	16	2	0.152938101805997	0.204572276121504
ASV1076	Filtered	yes	-0.00387407826157218	0.00255533424895798	16	2	0.151750909283808	0.204572276121504
ASV1080	Filtered	yes	-0.00348686186545124	0.00188068009888615	16	3	0.0849190968753732	0.204572276121504
ASV1081	Filtered	yes	-0.00315153457746028	0.00206914524290601	16	2	0.149996440238674	0.204572276121504
ASV1083	Filtered	yes	-0.00207371315358294	0.00136622033898111	16	2	0.151307368887183	0.204572276121504
ASV1085	Filtered	yes	-0.00206588362835342	0.00135430712121511	16	2	0.149424555267482	0.204572276121504
ASV1095	Filtered	yes	-0.00370474808334065	0.00256111648251891	16	2	0.170043433052758	0.204572276121504
ASV1106	Filtered	yes	-0.00299032225898542	0.00201203899134419	16	2	0.159392329135003	0.204572276121504
ASV1110	Filtered	yes	-0.00197998164003714	0.00130332350265826	16	2	0.150974610523439	0.204572276121504
ASV1112	Filtered	yes	-0.00199613052169956	0.00130690362540205	16	2	0.148941198957139	0.204572276121504
ASV1116	Filtered	yes	-0.0026123352158052	0.0017677319276414	16	2	0.161606090818373	0.204572276121504
ASV1131	Filtered	yes	-0.00218619031215935	0.00143338872081816	16	2	0.149480786950946	0.204572276121504
ASV1133	Filtered	yes	-0.00228167661540187	0.00149653860483138	16	2	0.149617967325982	0.204572276121504
ASV1135	Filtered	yes	-0.00228167661540187	0.00149653860483138	16	2	0.149617967325982	0.204572276121504
ASV1137	Filtered	yes	-0.00190208158660366	0.00127702379191064	16	2	0.158545345085992	0.204572276121504
ASV1142	Filtered	yes	-0.00258800198933663	0.00175711190759083	16	2	0.162909753878922	0.204572276121504
ASV1175	Filtered	yes	-0.00182855404145614	0.00121853528381992	16	2	0.155667398948759	0.204572276121504
ASV1176	Filtered	yes	-0.00183528817920259	0.00120177434362117	16	2	0.148996761988491	0.204572276121504
ASV1193	Filtered	yes	-0.00192970274010346	0.00127522266786419	16	2	0.152465866321444	0.204572276121504
ASV1198	Filtered	yes	-0.00191984480980833	0.00126987359523341	16	2	0.152815668426971	0.204572276121504
ASV1202	Filtered	yes	-0.00172624197911767	0.00117053908501976	16	2	0.162413308974671	0.204572276121504
ASV1206	Filtered	yes	-0.00174027161276965	0.00114352588394101	16	2	0.150309990204277	0.204572276121504
ASV1208	Filtered	yes	-0.00228496984333277	0.00154013313306694	16	2	0.160071802357573	0.204572276121504
ASV1211	Filtered	yes	-0.00175379577031376	0.00114865981945305	16	2	0.14907812814523	0.204572276121504
ASV1212	Filtered	yes	-0.00175379577031376	0.00114865981945305	16	2	0.14907812814523	0.204572276121504
ASV1228	Filtered	yes	-0.00243127422054932	0.00163216393236055	16	2	0.158509656667344	0.204572276121504
ASV1239	Filtered	yes	-0.00165877920388082	0.00108655277485491	16	2	0.149121385614876	0.204572276121504
ASV1247	Filtered	yes	-0.00291474527933655	0.00192065359961921	16	2	0.151374110929154	0.204572276121504
ASV1265	Filtered	yes	0.00161868411854528	0.00106261382945093	16	2	0.149948098944465	0.204572276121504
ASV1274	Filtered	yes	-0.00156134454988484	0.00103793774583473	16	2	0.154732683796611	0.204572276121504
ASV1276	Filtered	yes	-0.00156134454988484	0.00103793774583473	16	2	0.154732683796611	0.204572276121504
ASV1279	Filtered	yes	-0.00155093111633005	0.00102220631904263	16	2	0.15145943551637	0.204572276121504
ASV1280	Filtered	yes	-0.00155093111633005	0.00102220631904263	16	2	0.15145943551637	0.204572276121504
ASV1308	Filtered	yes	-0.0014607919582396	0.00095763423579931	16	2	0.149424543447072	0.204572276121504
ASV1309	Filtered	yes	-0.0014663279834519	0.000966057829035856	16	2	0.151307314441916	0.204572276121504
ASV1324	Filtered	yes	-0.0025342679801298	0.00168515669979051	16	2	0.154834364495228	0.204572276121504
ASV1349	Filtered	yes	-0.00133286486813815	0.000884859740048754	16	2	0.154217462730471	0.204572276121504
ASV1370	Filtered	yes	-0.0018805513045525	0.0012404350059535	16	2	0.15175922285291	0.204572276121504
ASV1415	Filtered	yes	0.00100612743744728	0.000659681744849007	16	2	0.149485528908035	0.204572276121504
ASV1416	Filtered	yes	-0.00168957758843595	0.00110611327224101	16	2	0.148912425383131	0.204572276121504
ASV207	Filtered	yes	-0.0127033432861604	0.0088100217451616	16	2	0.171320361700123	0.204839562902321
ASV441	Filtered	yes	-0.00683121210778909	0.00473591239653806	16	2	0.171179394770787	0.204839562902321
ASV288	Filtered	yes	-0.00327644360505054	0.0022769584299233	16	2	0.172144181157325	0.205355673241097
ASV669	Filtered	yes	-0.00403986242155374	0.00280877151936428	16	2	0.172326439083438	0.205355673241097
ASV61	Filtered	yes	-0.0275311734841973	0.0191954494197767	16	4	0.173457824638933	0.205934156760806
ASV292	Filtered	yes	-0.00953364829118275	0.00665164765654035	16	2	0.173732440155332	0.205934156760806
ASV349	Filtered	yes	-0.00374748580636095	0.00261613392030223	16	2	0.173963958997939	0.205934156760806
ASV688	Filtered	yes	-0.00404672833337471	0.0028238339734944	16	2	0.173792654612483	0.205934156760806
ASV114	Filtered	yes	-0.0193009076275083	0.0135401631516275	16	3	0.175938959754952	0.206223534794739
ASV467	Filtered	yes	-0.00958817859220447	0.00672456354858745	16	2	0.175828955081926	0.206223534794739
ASV522	Filtered	yes	-0.00550738116422881	0.0038585696664871	16	2	0.175413321532827	0.206223534794739
ASV556	Filtered	yes	-0.00508028120790171	0.00355600302333065	16	2	0.175035175601771	0.206223534794739
ASV573	Filtered	yes	-0.00540302552646228	0.00378922460608252	16	2	0.175815312772116	0.206223534794739
ASV631	Filtered	yes	-0.00430880609420482	0.00301446200246756	16	2	0.17482942873963	0.206223534794739
ASV272	Filtered	yes	-0.00987568530761885	0.00693937275036386	16	2	0.176597448498397	0.206656588668337
ASV460	Filtered	yes	-0.00323420176676711	0.00227593311202747	16	2	0.177193974322643	0.206678126656916
ASV850	Filtered	yes	-0.00306261450374013	0.00215416989596972	16	2	0.177002855694097	0.206678126656916
ASV492	Filtered	yes	-0.00588065076104393	0.00414155522289893	16	2	0.177516799791357	0.206717446011107
ASV1244	Filtered	yes	-0.00243610113313234	0.0017169484149628	16	2	0.177819456493598	0.206733189256785
ASV336	Filtered	yes	-0.00810391743813139	0.00573650909045551	16	2	0.179590363186192	0.207174858435975
ASV443	Filtered	yes	-0.00685799108812363	0.00484848650059717	16	3	0.179080707935207	0.207174858435975
ASV628	Filtered	yes	-0.00441390836594718	0.00311995089260016	16	2	0.17900119781332	0.207174858435975
ASV832	Filtered	yes	-0.00314009734667946	0.00222309152885063	16	2	0.179648128993432	0.207174858435975
ASV1204	Filtered	yes	-0.00167840908538724	0.0011882559280812	16	2	0.179646191905872	0.207174858435975
ASV941	Filtered	yes	-0.00251261815151958	0.00178080702166309	16	2	0.180095205001218	0.207355992875799
ASV309	Filtered	yes	-0.00897730622827887	0.00637340692916958	16	2	0.18078640983648	0.207817175294346
ASV222	Filtered	yes	-0.00268982630477368	0.00191932869216017	16	2	0.182860188138277	0.208705786469369
ASV412	Filtered	yes	-0.00487105747359059	0.00347189258450127	16	2	0.182404887467922	0.208705786469369
ASV453	Filtered	yes	-0.00630945699905571	0.00450102592793999	16	2	0.182760430208805	0.208705786469369
ASV547	Filtered	yes	-0.00510995864416702	0.00363756199992874	16	2	0.181885970452387	0.208705786469369
ASV622	Filtered	yes	-0.00441573841057036	0.00315207413669754	16	2	0.18301892044237	0.208705786469369
ASV1017	Filtered	yes	-0.00301674661460718	0.0021566191852404	16	2	0.18362567172042	0.209064260000159
ASV142	Filtered	yes	-0.00283811791326372	0.00203135011731579	16	2	0.184117756012737	0.209291248885703
ASV170	Filtered	yes	-0.0264542752164608	0.0190237708067825	16	5	0.186060104166248	0.210828802660645
ASV361	Filtered	yes	-0.0077554967937036	0.00557542908736119	16	2	0.185934526399962	0.210828802660645
ASV674	Filtered	yes	-0.00282565774346284	0.00203375983353314	16	2	0.186421017610404	0.210903524669998
ASV294	Filtered	yes	-0.0142938781842738	0.0103105680269386	16	2	0.187328220848675	0.211595067783258
ASV75	Filtered	yes	-0.0195797146793047	0.0141452767955684	16	3	0.18796984802148	0.21198492324189
ASV590	Filtered	yes	-0.00455261651236484	0.00330277376778133	16	2	0.189703081668408	0.213602682508522
ASV252	Filtered	yes	-0.0161210221943141	0.0117231060579073	16	2	0.190692775192242	0.214379456387504
ASV440	Filtered	yes	-0.00660408373842205	0.00480894042677886	16	2	0.191256058897916	0.214675168150723
ASV1108	Filtered	yes	-0.00187491206525149	0.00136662180589057	16	2	0.191669861868202	0.214802431404019
ASV355	Filtered	yes	-0.00747708258431279	0.00546581190148551	16	2	0.192877736780143	0.215144433381907
ASV414	Filtered	yes	-0.0102269147050139	0.00746787303893705	16	2	0.192424887199836	0.215144433381907
ASV1019	Filtered	yes	-0.00299511855817209	0.00218903240191538	16	2	0.192796490441061	0.215144433381907
ASV77	Filtered	yes	-0.00660447769571208	0.00483512729136769	16	2	0.19350139406217	0.215503889025625
ASV525	Filtered	yes	-0.004561282331771	0.00335675936184496	16	2	0.195689343799953	0.217263790088457
ASV1040	Filtered	yes	-0.00204805135415119	0.00150680996310779	16	2	0.195577397020669	0.217263790088457
ASV465	Filtered	yes	-0.00620855500693886	0.00458020731975588	16	2	0.196718074222077	0.218067322587264
ASV236	Filtered	yes	-0.0107794272760985	0.00799604274808122	16	2	0.199036369736766	0.219277356489658
ASV276	Filtered	yes	-0.0107414065615829	0.00796057249245231	16	2	0.198650505540607	0.219277356489658
ASV298	Filtered	yes	-0.0137559997271875	0.0102004167527879	16	2	0.198886712883157	0.219277356489658
ASV373	Filtered	yes	-0.00711118258786693	0.00526402798485157	16	2	0.198157403634192	0.219277356489658
ASV24	Filtered	yes	-0.0635370093963684	0.0474540738780797	16	6	0.201933776676886	0.221106662058152
ASV104	Filtered	yes	-0.0189654686002863	0.0141611628057976	16	4	0.201824752146685	0.221106662058152
ASV200	Filtered	yes	-0.0190708386097917	0.0142144862123399	16	2	0.201067802162617	0.221106662058152
ASV348	Filtered	yes	-0.00749367192016599	0.00559175501148314	16	2	0.201548960073834	0.221106662058152
ASV192	Filtered	yes	-0.0122839882221144	0.00923123790977465	16	2	0.204556559126147	0.223635993540054
ASV21	Filtered	yes	-0.0445943613089231	0.0336531464384735	16	3	0.206353268859083	0.225255858372893
ASV283	Filtered	yes	-0.00944420359564992	0.00714457181430189	16	2	0.207404147292479	0.226057873954455
ASV389	Filtered	yes	-0.00660436608569854	0.0050237868111869	16	2	0.209767569445327	0.228285863247197
ASV750	Filtered	yes	-0.00333791120539007	0.00254581484430954	16	2	0.210910141583642	0.229180472997423
ASV658	Filtered	yes	-0.00578856106591527	0.00445612247436507	16	2	0.214926867655713	0.233190759292617
ASV8	Filtered	yes	0.0795203276390691	0.0613454190985599	16	12	0.215843546663878	0.233830508885868
ASV661	Filtered	yes	-0.00368797085710841	0.00288037449276629	16	2	0.22121955678467	0.239291956279937
ASV216	Filtered	yes	-0.0111459082153208	0.00871983891407163	16	2	0.221956609673529	0.23972654972292
ASV12	Filtered	yes	0.0870796126737393	0.0683851374260812	16	14	0.223623919821577	0.241163050787975
ASV302	Filtered	yes	-0.00859551604118816	0.006819313221395	16	2	0.228104970332974	0.245625081006139
ASV893	Filtered	yes	-0.00370160409856555	0.00298570144505706	16	2	0.235437395553108	0.253139455369131
ASV500	Filtered	yes	-0.00744590820074373	0.00601200926920604	16	3	0.235893909685504	0.253249467605309
ASV438	Filtered	yes	-0.00889352220338108	0.00735714131028445	16	2	0.246749467932311	0.264506551081862
ASV6	Filtered	yes	0.0879391279431883	0.0731455399919289	16	16	0.249208157845113	0.266742264759365
ASV410	Filtered	yes	-0.0058650609524691	0.00491783807611643	16	2	0.252844233151959	0.270229636328327
ASV462	Filtered	yes	-0.0056511660238715	0.00475114933943043	16	2	0.254052095701187	0.271115296158729
ASV221	Filtered	yes	-0.0155332459690058	0.0130822993860528	16	2	0.254846155903367	0.271153275998374
ASV233	Filtered	yes	0.00847421181935547	0.00713130308923468	16	3	0.254478622424856	0.271153275998374
ASV599	Filtered	yes	-0.00587371262354898	0.00505775244519379	16	2	0.264926707683284	0.281460023764559
ASV560	Filtered	yes	-0.00440112365173734	0.00382155137210697	16	2	0.268749769328113	0.28509804906469
ASV670	Filtered	yes	-0.00447849252039813	0.00389817491613622	16	2	0.269860556926071	0.285852293632801
ASV67	Filtered	yes	-0.0195352537260159	0.0171209566946352	16	10	0.273006781754213	0.288757173009263
ASV178	Filtered	yes	-0.011257438656164	0.00991779569777245	16	2	0.275404222919273	0.290862657883722
ASV80	Filtered	yes	0.0238465502075608	0.0213931627946	16	4	0.283757388987184	0.299242674226897
ASV328	Filtered	yes	-0.0104200248776354	0.00948198493587331	16	2	0.29033870722204	0.305732217472398
ASV23	Filtered	yes	0.0319456268350913	0.0319023836843098	16	3	0.333649142685722	0.350822260323958
ASV10	Filtered	yes	-0.0505587321796103	0.0510742059300699	16	16	0.33902064250875	0.355946783250743
ASV248	Filtered	yes	-0.00754520351999773	0.00765177721434484	16	5	0.340833893579578	0.357325856172139
ASV100	Filtered	yes	-0.0173106522566111	0.0177551431667342	16	6	0.346123634673347	0.362340261773708
ASV115	Filtered	yes	-0.0132252892830596	0.0141011904669917	16	7	0.364203017165855	0.380709294259629
ASV42	Filtered	yes	-0.0221340708184559	0.0236936925967577	16	7	0.366046849733412	0.382078098626846
ASV13	Filtered	yes	-0.00593065344280042	0.00648157532391036	16	13	0.375681689910256	0.391563277384597
ASV155	Filtered	yes	-0.0203416838638652	0.0226317984943277	16	2	0.383952447171107	0.399601164086378
ASV39	Filtered	yes	0.0212896953299224	0.0241348558576002	16	3	0.392609183464716	0.408016811304174
ASV1301	Filtered	yes	-0.0010826164967784	0.00123118213101373	16	3	0.394064918878331	0.408935293175627
ASV34	Filtered	yes	0.022985390047105	0.0265234897289412	16	7	0.400767362986915	0.415287919616875
ASV344	Filtered	yes	-0.00567140539920685	0.00668714413563635	16	4	0.410645315187222	0.424907959998356
ASV848	Filtered	yes	-0.00175771420135017	0.00208722499949241	16	3	0.41387034874042	0.427626155129191
ASV11	Filtered	yes	-0.00342084089931597	0.00436312323460326	16	9	0.44608286236821	0.460244223078312
ASV26	Filtered	yes	-0.0222699771966174	0.0320848386091512	16	6	0.498978031267915	0.514076790139134
ASV35	Filtered	yes	0.0173930670206769	0.0256209835157423	16	5	0.508294145313047	0.522921314962343
ASV51	Filtered	yes	0.00159319022088857	0.00245971170445951	16	5	0.527649578283177	0.54205380527654
ASV33	Filtered	yes	0.0167634737482639	0.0266334403140313	16	7	0.53921383793132	0.553139015955372
ASV27	Filtered	yes	0.0179937780761008	0.0302973001662214	16	8	0.56204864144336	0.575737505203442
ASV592	Filtered	yes	-0.00248015590670356	0.00421899352895088	16	3	0.565991977216552	0.578947444506202
ASV68	Filtered	yes	0.00914537621614547	0.0176787768283533	16	4	0.613017125288354	0.626153206544533
ASV948	Filtered	yes	0.000984948754651578	0.00203214775408898	16	7	0.635396236954254	0.648086033412684
ASV28	Filtered	yes	0.011885507463825	0.0286203324174732	16	7	0.684229916590134	0.696900840971432
ASV76	Filtered	yes	-0.00548705064904497	0.013751232543021	16	7	0.695896734076681	0.707775483449256
ASV1200	Filtered	yes	-0.000478427298216063	0.00121570667347598	16	2	0.699850016576513	0.710785173085521
ASV139	Filtered	yes	0.00443627926766461	0.0113353944558811	16	3	0.701419126368378	0.711368333834596
ASV213	Filtered	yes	0.00332319787185277	0.00885025716321703	16	4	0.712922765803038	0.722011016358601
ASV227	Filtered	yes	0.00308825609059593	0.0086545533422157	16	4	0.726535694753998	0.734756749291525
ASV1388	Filtered	yes	0.000533451472135225	0.00155140739808702	16	2	0.736068720087948	0.743346235682038
ASV17	Filtered	yes	-0.00105742828986065	0.00339614804477495	16	5	0.760114260965266	0.766546821706862
ASV19	Filtered	yes	-0.00953599624386092	0.0317518455015314	16	9	0.768339722408722	0.773750565524276
ASV678	Filtered	yes	0.000907947955286596	0.0030491719939343	16	9	0.770252757590945	0.774586106438152
ASV935	Filtered	yes	0.000453767969692668	0.00309580167451549	16	7	0.885557004130737	0.889288283642524
ASV550	Filtered	yes	0.000414896546120777	0.00366619461468629	16	3	0.911504003634796	0.914060817109228
ASV145	Filtered	yes	-0.000966153923777975	0.0111488377364871	16	6	0.932169334236716	0.933474893528364
ASV22	Filtered	yes	-1.85835516708286e-05	0.00332044833571987	16	9	0.995613471849017	0.995613471849017
