feature	metadata	value	coef	stderr	N	N.not.0	pval	qval
ASV29	Filtered	yes	-0.0880021553756526	0.00742857472224803	16	12	1.10328581706033e-08	7.63473785405751e-06
ASV245	Filtered	yes	-0.0239034056759371	0.00227467347767633	16	9	5.0363785193869e-08	1.74258696770787e-05
ASV262	Filtered	yes	-0.0287049415564104	0.00384435286924286	16	8	3.02789977345417e-06	0.000698435547743429
ASV3	Filtered	yes	1.02986430193564	0.144614878652168	16	16	5.16067382487987e-06	0.000892796571704218
ASV47	Filtered	yes	-0.09074298342983	0.0148114338883514	16	10	2.62126135994283e-05	0.00362782572216087
ASV78	Filtered	yes	-0.0555452436100649	0.0095272199698109	16	10	4.36722108544465e-05	0.00503686165187949
ASV85	Filtered	yes	-0.0371193821536643	0.0064670625752344	16	7	5.11538426998144e-05	0.00505692273546737
ASV87	Filtered	yes	-0.044464663303287	0.00896433633208719	16	11	0.000209446325500312	0.0144936857246216
ASV194	Filtered	yes	-0.0219725577169379	0.00438436415136512	16	7	0.000190387089993622	0.0144936857246216
ASV307	Filtered	yes	-0.0248169812321917	0.00496954286675942	16	7	0.00019675940719502	0.0144936857246216
ASV98	Filtered	yes	-0.0218361396035921	0.0045708260293519	16	7	0.000294897273530377	0.0185517193893656
ASV64	Filtered	yes	-0.063728452399878	0.0138481947382385	16	8	0.000410950217901046	0.0236981292322936
ASV183	Filtered	yes	-0.0331706999989847	0.00739274899349074	16	9	0.000511847993595854	0.0272460624283332
ASV46	Filtered	yes	-0.0632856098305752	0.0146422167155146	16	10	0.000702813398751539	0.0274423831592356
ASV52	Filtered	yes	-0.0325347291607659	0.00759056846545057	16	10	0.000753392154203629	0.0274423831592356
ASV119	Filtered	yes	-0.0449813911716075	0.0103904905186378	16	7	0.000693426783641703	0.0274423831592356
ASV184	Filtered	yes	-0.0305462474652926	0.00712673786652066	16	6	0.000753475838187104	0.0274423831592356
ASV193	Filtered	yes	-0.0313035958696406	0.00717328781156213	16	6	0.000648357634605227	0.0274423831592356
ASV239	Filtered	yes	-0.0284283987577356	0.00646430437239056	16	6	0.000607438219523709	0.0274423831592356
ASV70	Filtered	yes	-0.0608075513155799	0.0145725199106346	16	8	0.000939016456630243	0.0276293868241248
ASV79	Filtered	yes	-0.0550695449660422	0.0130777342018634	16	7	0.00087180811449129	0.0276293868241248
ASV101	Filtered	yes	-0.0440548627424994	0.0105172658210579	16	7	0.000910127985017567	0.0276293868241248
ASV106	Filtered	yes	-0.0518936398005545	0.0124674075482869	16	8	0.000958244629738433	0.0276293868241248
ASV242	Filtered	yes	-0.0252177280385607	0.00598254540390126	16	6	0.000864592089197742	0.0276293868241248
ASV378	Filtered	yes	-0.0172744148826662	0.00422724385012176	16	6	0.00111116165810471	0.0307569546963384
ASV249	Filtered	yes	-0.0243698068643323	0.00601672173476739	16	6	0.00119244458450666	0.0317373712491773
ASV382	Filtered	yes	-0.0120031445644782	0.002988561381965	16	6	0.00127450652341408	0.0326651301556499
ASV464	Filtered	yes	-0.0148879583187474	0.00374026940535926	16	6	0.00136749974858254	0.0337967795006829
ASV113	Filtered	yes	-0.0404463957521991	0.0108869847010662	16	7	0.00230724547472326	0.0550556506382239
ASV86	Filtered	yes	-0.0435981605570967	0.0118940510557555	16	8	0.0025452335235217	0.0585222566527486
ASV217	Filtered	yes	0.0311614342253888	0.00854635993302879	16	6	0.00264489112802868	0.0585222566527486
ASV303	Filtered	yes	-0.0132426941349884	0.0036435077738974	16	7	0.00270623152151439	0.0585222566527486
ASV398	Filtered	yes	-0.0168949194641674	0.00468709860408898	16	6	0.00287238686569234	0.0602330821533061
ASV111	Filtered	yes	-0.0390834581661297	0.0109499877718595	16	6	0.00308076827070053	0.0619155197253637
ASV147	Filtered	yes	-0.0314676235046619	0.00883665720484265	16	6	0.00313156530402851	0.0619155197253637
ASV366	Filtered	yes	-0.0198811476153793	0.00565075224218244	16	6	0.00340883765963324	0.06552543501295
ASV25	Filtered	yes	-0.0880889014658311	0.0258336959495933	16	10	0.00422925246442125	0.0750421206507565
ASV62	Filtered	yes	-0.05342001460689	0.0155668427951052	16	6	0.00404972842351578	0.0750421206507565
ASV157	Filtered	yes	-0.0305750455558573	0.00894423614313618	16	6	0.00415783378024724	0.0750421206507565
ASV254	Filtered	yes	-0.0218725941452175	0.00651084593252347	16	5	0.00467561320431146	0.0808881084345882
ASV15	Filtered	yes	-0.092864634021417	0.0286202703875925	16	15	0.00587413448906309	0.0870773840734857
ASV107	Filtered	yes	-0.037068206130566	0.011229949479736	16	6	0.00525355383745654	0.0870773840734857
ASV231	Filtered	yes	-0.0199878881405686	0.0061529305912533	16	5	0.00582989898284697	0.0870773840734857
ASV324	Filtered	yes	-0.0182022554120358	0.00555501341869836	16	5	0.00551170346989853	0.0870773840734857
ASV387	Filtered	yes	-0.0140669671733059	0.0043765336093276	16	5	0.00624199463760967	0.0870773840734857
ASV421	Filtered	yes	-0.0135258246554708	0.00416683466808749	16	5	0.00585836138390145	0.0870773840734857
ASV459	Filtered	yes	-0.0167026407041991	0.00519593859491332	16	6	0.00623731706113156	0.0870773840734857
ASV466	Filtered	yes	-0.0137943113076201	0.00424652291263695	16	5	0.00583149050267235	0.0870773840734857
ASV532	Filtered	yes	-0.0106886822573966	0.00332960959031695	16	5	0.00629171850241948	0.0870773840734857
ASV643	Filtered	yes	-0.00853969602134741	0.00264482728531242	16	5	0.00606273395969876	0.0870773840734857
ASV16	Filtered	yes	-0.0820318516309971	0.0256897024504719	16	16	0.00650821258807723	0.0883075119794009
ASV308	Filtered	yes	-0.0170927621851692	0.00544008647139708	16	5	0.00720527655288981	0.0951457937856889
ASV352	Filtered	yes	-0.0162177718847077	0.0051709642212454	16	5	0.00728717784774785	0.0951457937856889
ASV341	Filtered	yes	-0.0171336227534533	0.00549161478889373	16	5	0.00752788470744464	0.0951961553228036
ASV531	Filtered	yes	-0.00961420939417459	0.00308403983777058	16	5	0.00756616841438468	0.0951961553228036
ASV424	Filtered	yes	-0.0142418568874442	0.00461039849320125	16	5	0.0080042293649602	0.098909405724151
ASV218	Filtered	yes	-0.0226648241662303	0.00744087527621993	16	5	0.0087189176654937	0.104025707319339
ASV432	Filtered	yes	-0.0125581480012435	0.00411365579507073	16	5	0.00860195444660067	0.104025707319339
ASV90	Filtered	yes	-0.0445774686339702	0.0147706667163478	16	6	0.00921717217529117	0.108106493988161
ASV259	Filtered	yes	-0.0195081103859612	0.00654274844654415	16	5	0.009905447185499	0.114242824206088
ASV66	Filtered	yes	-0.06329708206296	0.0213422117265673	16	8	0.0102207836190601	0.115947250235895
ASV117	Filtered	yes	-0.0441709514974496	0.0150806009471006	16	8	0.0109935139109037	0.120754152799132
ASV267	Filtered	yes	-0.0184137821296377	0.00628266423339934	16	5	0.0109523596559473	0.120754152799132
ASV82	Filtered	yes	-0.0421952402254215	0.0145846655784875	16	5	0.0118013091322491	0.127601654992444
ASV291	Filtered	yes	-0.0235573007910943	0.00817524867700004	16	7	0.0120744508948519	0.128546461834424
ASV154	Filtered	yes	-0.0165027250658713	0.00576462904250143	16	6	0.0125305825693814	0.131381259666847
ASV458	Filtered	yes	-0.0162769434289134	0.0057084225390705	16	5	0.0128147237709097	0.132355057454768
ASV188	Filtered	yes	-0.0232888660005352	0.00825120267905171	16	5	0.013566250997035	0.13420639775679
ASV196	Filtered	yes	-0.0298891937184702	0.010591025721653	16	7	0.0135757916806001	0.13420639775679
ASV450	Filtered	yes	-0.014720370811617	0.00519685605663664	16	5	0.0132996548283659	0.13420639775679
ASV73	Filtered	yes	-0.0417645161788026	0.0149435909376977	16	7	0.0143258639981123	0.139626730798503
ASV9	Filtered	yes	-0.218063846484261	0.0850878559831216	16	16	0.0225499733526013	0.143832472442302
ASV20	Filtered	yes	-0.114786658050093	0.0465823557041094	16	13	0.0272893902839443	0.143832472442302
ASV36	Filtered	yes	-0.0857007318501372	0.0323913435957354	16	10	0.0191861274163202	0.143832472442302
ASV37	Filtered	yes	-0.0627337575686155	0.0229292127820846	16	5	0.0160816411281733	0.143832472442302
ASV49	Filtered	yes	-0.0616591802017294	0.0224589753725628	16	5	0.0157864881430066	0.143832472442302
ASV59	Filtered	yes	-0.0383794220957172	0.0147971496265542	16	5	0.0212359172998452	0.143832472442302
ASV74	Filtered	yes	-0.0450600798158694	0.0180156107123698	16	4	0.0254092318424244	0.143832472442302
ASV88	Filtered	yes	-0.0396428263131039	0.0154774744697381	16	4	0.0226150295222679	0.143832472442302
ASV89	Filtered	yes	-0.0364133277686211	0.014664754966834	16	4	0.0263137893907354	0.143832472442302
ASV91	Filtered	yes	-0.0186062684635993	0.00717497711716759	16	4	0.0212560583164435	0.143832472442302
ASV102	Filtered	yes	-0.0354158338548877	0.013825319414425	16	4	0.0226000740878369	0.143832472442302
ASV103	Filtered	yes	-0.0330585829675578	0.0127320449454653	16	5	0.0211212532105024	0.143832472442302
ASV110	Filtered	yes	-0.0319889468417373	0.0123185657227091	16	6	0.0211080555128869	0.143832472442302
ASV123	Filtered	yes	-0.0299488749939491	0.0120931341087322	16	4	0.0266473866689317	0.143832472442302
ASV125	Filtered	yes	-0.0230182676054457	0.00920206460403025	16	4	0.0253966837467432	0.143832472442302
ASV128	Filtered	yes	-0.0286045819947201	0.0110294139947724	16	5	0.0212450966923515	0.143832472442302
ASV151	Filtered	yes	-0.0268372577293916	0.0104869676512054	16	4	0.0227126071451647	0.143832472442302
ASV153	Filtered	yes	-0.0273421888365339	0.0106026243335211	16	4	0.0218597483993289	0.143832472442302
ASV166	Filtered	yes	-0.0299588144565135	0.011924973203621	16	5	0.0248695431650363	0.143832472442302
ASV176	Filtered	yes	-0.0314117587826402	0.0124521907332398	16	6	0.0243782413502886	0.143832472442302
ASV182	Filtered	yes	-0.0309342704159576	0.0125020479916134	16	8	0.026759762291505	0.143832472442302
ASV198	Filtered	yes	-0.0100797013406656	0.00396803738039907	16	4	0.0235597295857657	0.143832472442302
ASV208	Filtered	yes	-0.0205660030532159	0.00776825281053302	16	6	0.0191243774828927	0.143832472442302
ASV224	Filtered	yes	-0.0167996651514452	0.00681462562447051	16	4	0.0272331648477045	0.143832472442302
ASV246	Filtered	yes	-0.021223918248674	0.0084809014039825	16	4	0.0253412788036699	0.143832472442302
ASV258	Filtered	yes	-0.0258247677914891	0.00979772522514268	16	4	0.01956416806159	0.143832472442302
ASV277	Filtered	yes	-0.0176567845114023	0.00705384935657189	16	4	0.0253125419538529	0.143832472442302
ASV299	Filtered	yes	-0.0171643358736746	0.00670793593329784	16	4	0.0227256251397218	0.143832472442302
ASV301	Filtered	yes	-0.0192636928915477	0.00694929109716667	16	5	0.0149821054624178	0.143832472442302
ASV312	Filtered	yes	-0.0164135106555259	0.00626839464523258	16	4	0.0202367867953645	0.143832472442302
ASV322	Filtered	yes	-0.0150862172752614	0.00598383931411379	16	4	0.0244457426100719	0.143832472442302
ASV334	Filtered	yes	-0.0139169809842842	0.00547250192962815	16	4	0.0234298914034321	0.143832472442302
ASV350	Filtered	yes	-0.0146254639473467	0.00570319777093473	16	4	0.0224789886855368	0.143832472442302
ASV354	Filtered	yes	-0.0133964214937014	0.00529589333123154	16	4	0.024050218396383	0.143832472442302
ASV362	Filtered	yes	-0.014384047753359	0.00547248818155319	16	4	0.0198471448747922	0.143832472442302
ASV377	Filtered	yes	-0.0126198179519336	0.00507860145484137	16	4	0.0262200470499043	0.143832472442302
ASV384	Filtered	yes	-0.0119439598119399	0.00482855299420607	16	4	0.026797223502139	0.143832472442302
ASV391	Filtered	yes	-0.0123120960047232	0.00475752414525659	16	4	0.021476122498416	0.143832472442302
ASV394	Filtered	yes	-0.0131566886429187	0.00534525034443324	16	4	0.0274362519687628	0.143832472442302
ASV396	Filtered	yes	-0.0115510067551134	0.00466144777302538	16	4	0.0265720559716493	0.143832472442302
ASV397	Filtered	yes	-0.0154176533881532	0.00611102139321076	16	4	0.0243623547443474	0.143832472442302
ASV436	Filtered	yes	-0.0110523187711203	0.00443121345909182	16	4	0.0257537166728125	0.143832472442302
ASV445	Filtered	yes	-0.0110844152640349	0.00441370821347694	16	4	0.0249135407538585	0.143832472442302
ASV448	Filtered	yes	-0.0115870219026498	0.00443574160427069	16	4	0.0204851139696195	0.143832472442302
ASV463	Filtered	yes	-0.0133889893887194	0.00535665764371438	16	4	0.0254910589018336	0.143832472442302
ASV479	Filtered	yes	-0.0123882428950726	0.00497830130989253	16	4	0.0260411512374609	0.143832472442302
ASV491	Filtered	yes	-0.0110134750003719	0.00426793391032968	16	4	0.0217874975792924	0.143832472442302
ASV528	Filtered	yes	-0.00957508768696429	0.00368661784368911	16	4	0.0210896814678387	0.143832472442302
ASV553	Filtered	yes	-0.00958147965154546	0.00376813502040212	16	4	0.0234439854345385	0.143832472442302
ASV563	Filtered	yes	-0.00843295658305217	0.00335664185252929	16	4	0.0248674156268909	0.143832472442302
ASV608	Filtered	yes	-0.00766956567409462	0.00301926073614739	16	4	0.0235601991206473	0.143832472442302
ASV612	Filtered	yes	-0.00757586472711001	0.00302503421990935	16	4	0.0252515646347134	0.143832472442302
ASV642	Filtered	yes	-0.00754360158752189	0.00305567458572718	16	4	0.0270510654720918	0.143832472442302
ASV644	Filtered	yes	-0.00739161369136981	0.00295265536969881	16	4	0.0253009664759943	0.143832472442302
ASV646	Filtered	yes	-0.00864900155775553	0.0034893592959039	16	4	0.0265366164540064	0.143832472442302
ASV700	Filtered	yes	-0.00727721579363784	0.00275305855306598	16	4	0.0192788805823237	0.143832472442302
ASV709	Filtered	yes	-0.00701081720478463	0.00274475110195898	16	4	0.022927009349086	0.143832472442302
ASV737	Filtered	yes	-0.00657573922851004	0.00251136647076925	16	4	0.0202393213874023	0.143832472442302
ASV829	Filtered	yes	-0.00542064476822254	0.00207546462609765	16	4	0.0205019136770108	0.143832472442302
ASV969	Filtered	yes	-0.0053534306238275	0.0020560112945927	16	4	0.020822972664641	0.143832472442302
ASV1050	Filtered	yes	-0.00382126854170029	0.00145430863500216	16	4	0.0198812010534248	0.143832472442302
ASV56	Filtered	yes	-0.0463645141650734	0.0191496116873045	16	4	0.0296410275433191	0.14651136471412
ASV84	Filtered	yes	-0.057205065240017	0.0235698442622145	16	11	0.0293088023764842	0.14651136471412
ASV181	Filtered	yes	-0.0206098535378019	0.00844946800492759	16	4	0.0286329207518035	0.14651136471412
ASV237	Filtered	yes	-0.0177767314730592	0.00727488438869373	16	4	0.028392489103211	0.14651136471412
ASV257	Filtered	yes	-0.0193491689373363	0.00798889373578243	16	4	0.0295935113911703	0.14651136471412
ASV260	Filtered	yes	-0.0227351040348482	0.0093735908690569	16	5	0.0293991045607246	0.14651136471412
ASV365	Filtered	yes	-0.012282374844317	0.0050296266235714	16	4	0.0284783527879168	0.14651136471412
ASV446	Filtered	yes	-0.0130536009685469	0.00536203446967361	16	4	0.0288949342098285	0.14651136471412
ASV50	Filtered	yes	-0.0808094141648315	0.0335088389867054	16	8	0.0301911807963306	0.148172319936601
ASV607	Filtered	yes	-0.00847772982884723	0.00352823777007155	16	4	0.0307024729638063	0.149620502048971
ASV31	Filtered	yes	-0.0561486071914286	0.0234499546119835	16	12	0.031201615089359	0.14967491359999
ASV149	Filtered	yes	-0.0238132843458077	0.0099426650028727	16	8	0.0311622789847973	0.14967491359999
ASV174	Filtered	yes	-0.0266084187205755	0.0111586577572537	16	4	0.0317951044786106	0.14967491359999
ASV559	Filtered	yes	-0.00943292431443576	0.00394792744015331	16	4	0.0315055798940958	0.14967491359999
ASV809	Filtered	yes	-0.0054168847773032	0.00226987559902826	16	4	0.0316815924885173	0.14967491359999
ASV116	Filtered	yes	-0.0057654010809892	0.00242930394948894	16	4	0.0324881351886062	0.149757322622851
ASV131	Filtered	yes	-0.0262982504998164	0.0110936063131884	16	4	0.032655847948524	0.149757322622851
ASV205	Filtered	yes	-0.0240032071544035	0.0101589948915172	16	4	0.0331472411597906	0.149757322622851
ASV235	Filtered	yes	-0.022415329019542	0.00949381340362912	16	4	0.0332554707942893	0.149757322622851
ASV278	Filtered	yes	-0.0113962151867927	0.00479599115310834	16	4	0.0323071865995659	0.149757322622851
ASV406	Filtered	yes	-0.0135099801928543	0.00572478141214772	16	4	0.0333274966530622	0.149757322622851
ASV508	Filtered	yes	-0.0111795190391572	0.00473078807249949	16	4	0.0331227797037012	0.149757322622851
ASV96	Filtered	yes	-0.0278711387131459	0.0119286937636125	16	4	0.0348494911800992	0.15290359202221
ASV126	Filtered	yes	-0.0278765194972267	0.011894249034468	16	4	0.0343737630746907	0.15290359202221
ASV173	Filtered	yes	-0.0247577834561174	0.0106305264394872	16	4	0.0353534316814358	0.15290359202221
ASV187	Filtered	yes	-0.0221758065285408	0.00952085359669349	16	4	0.0353366501686282	0.15290359202221
ASV310	Filtered	yes	-0.011656569702925	0.00499983780215937	16	4	0.0351886155453371	0.15290359202221
ASV393	Filtered	yes	-0.0134157314727125	0.00575183543038858	16	4	0.0351192873645297	0.15290359202221
ASV30	Filtered	yes	-0.0609288136554258	0.0262575140883995	16	10	0.0359293225558354	0.154429137941852
ASV83	Filtered	yes	-0.0360708230067595	0.0156131203595748	16	4	0.036628256368563	0.155709173238765
ASV160	Filtered	yes	-0.0230408950717522	0.0100000856985418	16	4	0.0370630980140128	0.155709173238765
ASV600	Filtered	yes	-0.00896925890193213	0.00389138724299948	16	4	0.0370047618975477	0.155709173238765
ASV726	Filtered	yes	-0.00765383624755474	0.00332319064756495	16	4	0.0371271872606882	0.155709173238765
ASV60	Filtered	yes	-0.0494355999758563	0.0215473706225017	16	6	0.0377577840375286	0.157399918999818
ASV679	Filtered	yes	-0.0062502008115717	0.00274373974391769	16	4	0.0389403702328985	0.161357701803388
ASV135	Filtered	yes	-0.0247612816617841	0.0109315820891036	16	4	0.0398994280650527	0.162414142476568
ASV168	Filtered	yes	-0.0218317800588548	0.00961319030194163	16	4	0.0394564172315929	0.162414142476568
ASV782	Filtered	yes	-0.00756839516908002	0.00333833746148151	16	4	0.0397489013767072	0.162414142476568
ASV44	Filtered	yes	-0.0575944946316373	0.0254792805895752	16	8	0.0402528314203682	0.162894499081256
ASV45	Filtered	yes	-0.0631593226140764	0.0280726325763613	16	6	0.0410652098195986	0.16521584415792
ASV32	Filtered	yes	-0.0592683946478267	0.0265363601844865	16	4	0.042351699416374	0.168433195380062
ASV694	Filtered	yes	-0.00735186648192144	0.00329142831339466	16	4	0.0423388298990519	0.168433195380062
ASV315	Filtered	yes	-0.013325652092244	0.00598496015371947	16	4	0.042909505233552	0.169676443552103
ASV372	Filtered	yes	-0.0110683058744088	0.00502975360196892	16	4	0.0450524531712976	0.17713805451442
ASV71	Filtered	yes	-0.0557973245507474	0.0255030143573723	16	7	0.0461365354641856	0.180375607577494
ASV72	Filtered	yes	-0.0585571649689745	0.0268297719506919	16	10	0.0465987055709397	0.181159012669047
ASV764	Filtered	yes	-0.00679274767462608	0.00311693772778897	16	4	0.0468821162913724	0.181242594824747
ASV55	Filtered	yes	-0.0689527027987491	0.0317928197843956	16	8	0.0478098439044902	0.183802288788373
ASV263	Filtered	yes	-0.0145511192307853	0.00675381199255325	16	4	0.0491031658680016	0.187731440777111
ASV38	Filtered	yes	-0.0494870368197887	0.0230093258812184	16	8	0.0494489635361077	0.188014740477948
ASV54	Filtered	yes	-0.054907721473344	0.027260459315535	16	7	0.0636190443682909	0.189912181764135
ASV92	Filtered	yes	-0.0325402453271459	0.0157842568711631	16	5	0.0583262122188239	0.189912181764135
ASV105	Filtered	yes	-0.0300991582817832	0.0148710690331229	16	3	0.0624871681959506	0.189912181764135
ASV108	Filtered	yes	-0.0486862315297648	0.022736437241907	16	6	0.0503225917920454	0.189912181764135
ASV122	Filtered	yes	-0.0257368937589058	0.0121098548855667	16	5	0.051845822048178	0.189912181764135
ASV133	Filtered	yes	-0.0108323991585484	0.005316937539414	16	3	0.0609800012066278	0.189912181764135
ASV141	Filtered	yes	-0.0247693478258929	0.011750740454169	16	6	0.0535447126176477	0.189912181764135
ASV144	Filtered	yes	-0.0357397484055106	0.017030927612641	16	7	0.0544820659752516	0.189912181764135
ASV164	Filtered	yes	-0.0280740120875665	0.0140000580195149	16	4	0.0646625074661853	0.189912181764135
ASV225	Filtered	yes	-0.0223386938230901	0.0112927148809123	16	4	0.0679361915778279	0.189912181764135
ASV243	Filtered	yes	-0.0146172385504409	0.00727156293658908	16	4	0.0640851743194214	0.189912181764135
ASV247	Filtered	yes	-0.0207614451946476	0.0102321325039994	16	4	0.0619137991224809	0.189912181764135
ASV275	Filtered	yes	-0.0138356675424944	0.00692578979212427	16	3	0.0655619184823181	0.189912181764135
ASV296	Filtered	yes	-0.00561551126921479	0.00283685937549675	16	3	0.0677721241041018	0.189912181764135
ASV297	Filtered	yes	-0.013045998264033	0.00659775108706743	16	3	0.0680363133003309	0.189912181764135
ASV305	Filtered	yes	-0.0122743366428602	0.00626971472187036	16	3	0.0705009623781477	0.189912181764135
ASV306	Filtered	yes	-0.00916349536847894	0.00454794807672463	16	3	0.0635406893278303	0.189912181764135
ASV314	Filtered	yes	-0.012196660810898	0.00622518283308052	16	3	0.0703062974786177	0.189912181764135
ASV320	Filtered	yes	-0.0118869046447437	0.00582888779752699	16	3	0.0607599888419435	0.189912181764135
ASV333	Filtered	yes	-0.0126997627469242	0.00619845219235607	16	3	0.0597042353961355	0.189912181764135
ASV347	Filtered	yes	-0.0123624413066103	0.00606758724741644	16	3	0.0609668292327568	0.189912181764135
ASV368	Filtered	yes	-0.0130016744435407	0.00636544826255996	16	3	0.0604011058897212	0.189912181764135
ASV371	Filtered	yes	-0.0120285736498645	0.0058855397314096	16	3	0.0602669667773931	0.189912181764135
ASV376	Filtered	yes	-0.0115667945419943	0.00564947877913352	16	3	0.0598635500574011	0.189912181764135
ASV385	Filtered	yes	-0.0102302416513587	0.00510616799753814	16	3	0.0648718180457683	0.189912181764135
ASV386	Filtered	yes	-0.0107529591973029	0.0053124215619493	16	3	0.062474750511223	0.189912181764135
ASV390	Filtered	yes	-0.00734203227477997	0.00359570055731361	16	3	0.0604728136624418	0.189912181764135
ASV395	Filtered	yes	-0.0109818921986833	0.00555699574479342	16	3	0.0681738491268865	0.189912181764135
ASV402	Filtered	yes	-0.0100607539470719	0.00495327670673536	16	3	0.0616775862970222	0.189912181764135
ASV435	Filtered	yes	-0.00974240023839911	0.00472147973030617	16	4	0.0581271697889973	0.189912181764135
ASV455	Filtered	yes	-0.00962356565889871	0.00469723496867854	16	3	0.0597138695619572	0.189912181764135
ASV473	Filtered	yes	-0.0087074724635736	0.00442480042134925	16	3	0.0692147319265884	0.189912181764135
ASV475	Filtered	yes	-0.010244133654743	0.0049990143496584	16	3	0.05966363680926	0.189912181764135
ASV478	Filtered	yes	0.00721113165491617	0.00358129250882158	16	3	0.0636927189373453	0.189912181764135
ASV489	Filtered	yes	-0.00882520128259718	0.00440727756587007	16	3	0.0650010361283826	0.189912181764135
ASV490	Filtered	yes	-0.00907094565891048	0.00454641123632197	16	3	0.0658629491956812	0.189912181764135
ASV495	Filtered	yes	-0.00899538174244122	0.00444618629101122	16	3	0.0625832441089331	0.189912181764135
ASV498	Filtered	yes	-0.00811530294272511	0.0041360923364556	16	3	0.0699474627150701	0.189912181764135
ASV502	Filtered	yes	-0.0102695849959416	0.0050515150025228	16	4	0.0614700041390559	0.189912181764135
ASV503	Filtered	yes	-0.00890431356618624	0.00437960860655339	16	3	0.061452134448909	0.189912181764135
ASV505	Filtered	yes	-0.0080407481175237	0.00408889844838883	16	3	0.0693902302378264	0.189912181764135
ASV507	Filtered	yes	-0.00632905547385322	0.0030990931107368	16	3	0.0604355218671412	0.189912181764135
ASV513	Filtered	yes	-0.00860883136320213	0.00421197611982724	16	3	0.0602511123582042	0.189912181764135
ASV519	Filtered	yes	-0.00269895565434345	0.00133262746388694	16	3	0.0623408382784157	0.189912181764135
ASV526	Filtered	yes	-0.01036372715538	0.00509377110264718	16	4	0.0612881351682666	0.189912181764135
ASV543	Filtered	yes	-0.00933082115343316	0.00461659894677577	16	3	0.0628151264210948	0.189912181764135
ASV544	Filtered	yes	-0.00726467925123794	0.00368679491776929	16	3	0.0688915328590543	0.189912181764135
ASV554	Filtered	yes	-0.00949552171169078	0.00480885072507304	16	3	0.0683766220822645	0.189912181764135
ASV564	Filtered	yes	-0.00926308579173162	0.0046087217534453	16	3	0.0641189590894351	0.189912181764135
ASV603	Filtered	yes	-0.00639515649709899	0.00324677864636634	16	3	0.0689874024527114	0.189912181764135
ASV626	Filtered	yes	-0.00761027333035131	0.00378161143302819	16	3	0.0638224232525955	0.189912181764135
ASV636	Filtered	yes	-0.00669289091845113	0.00336213996696998	16	3	0.0664077774915054	0.189912181764135
ASV640	Filtered	yes	-0.00635293920555979	0.00315319316740554	16	3	0.0635522943962104	0.189912181764135
ASV641	Filtered	yes	-0.00651302517750931	0.00323174169141856	16	3	0.0634865994943822	0.189912181764135
ASV649	Filtered	yes	-0.0075452396075666	0.00383560582821922	16	3	0.0693054131471287	0.189912181764135
ASV681	Filtered	yes	-0.00843028131754406	0.00424666767240653	16	3	0.0670771148006466	0.189912181764135
ASV682	Filtered	yes	-0.00553202555101154	0.00279223470994473	16	3	0.0675586220242272	0.189912181764135
ASV693	Filtered	yes	-0.00599911263332065	0.00305761667032294	16	3	0.0699534937742452	0.189912181764135
ASV725	Filtered	yes	-0.00565172620229359	0.00277660889786238	16	3	0.0611882862755971	0.189912181764135
ASV730	Filtered	yes	-0.00664710853014888	0.00336898497606628	16	3	0.0685708768340773	0.189912181764135
ASV742	Filtered	yes	-0.00571623462529602	0.00285813445432199	16	3	0.0652893805095261	0.189912181764135
ASV751	Filtered	yes	-0.00529218553581034	0.00261125524411193	16	3	0.0621820250494729	0.189912181764135
ASV754	Filtered	yes	-0.00557311647649619	0.00278011980309197	16	3	0.0647388184059616	0.189912181764135
ASV759	Filtered	yes	-0.00513950062941497	0.00253952462499989	16	3	0.0625104381698248	0.189912181764135
ASV765	Filtered	yes	-0.00630013684367615	0.00321848783781997	16	3	0.0705309692389923	0.189912181764135
ASV808	Filtered	yes	-0.00511224689551096	0.0025439666019561	16	3	0.0641594830715397	0.189912181764135
ASV820	Filtered	yes	-0.00491295343549559	0.00246153572532482	16	3	0.0657788437217553	0.189912181764135
ASV837	Filtered	yes	-0.00444539109037897	0.00218240451567392	16	3	0.0610263618464553	0.189912181764135
ASV878	Filtered	yes	-0.00412787834753128	0.00203827142940461	16	3	0.062352605947745	0.189912181764135
ASV902	Filtered	yes	-0.00461666671386787	0.00229210910268776	16	3	0.0636228262936178	0.189912181764135
ASV971	Filtered	yes	-0.00355499599569705	0.00177359123848415	16	3	0.0647655484113398	0.189912181764135
ASV996	Filtered	yes	-0.00354138521806562	0.00175561740628179	16	3	0.0632730189899867	0.189912181764135
ASV1043	Filtered	yes	-0.00412004837292427	0.00207701256997508	16	3	0.0672616271924478	0.189912181764135
ASV1067	Filtered	yes	-0.00312154007191597	0.00158884542305298	16	3	0.0696199895558735	0.189912181764135
ASV1168	Filtered	yes	-0.00303051367760924	0.00148115622094937	16	3	0.0600135635164473	0.189912181764135
ASV417	Filtered	yes	-0.0107939485192946	0.00552902694588083	16	3	0.0712043832217392	0.190949903950009
ASV518	Filtered	yes	-0.010138878945965	0.00519892405749286	16	3	0.0714682443974744	0.190949903950009
ASV124	Filtered	yes	-0.0341035692799181	0.0175136135008084	16	4	0.0718474969312483	0.191224876447784
ASV404	Filtered	yes	-0.0119330448278115	0.00613772110280834	16	3	0.0722441054406022	0.191543758486194
ASV280	Filtered	yes	-0.0131721508559291	0.00680208476065089	16	3	0.0732590194669293	0.192477819535121
ASV326	Filtered	yes	-0.0135547487827097	0.00699874132487478	16	3	0.0732255035123068	0.192477819535121
ASV433	Filtered	yes	-0.00917203670237734	0.00473960827738378	16	3	0.0734308444469247	0.192477819535121
ASV282	Filtered	yes	-0.0141532509109843	0.00737357792726799	16	3	0.0755419743648796	0.197264325511308
ASV99	Filtered	yes	-0.0284591728129157	0.0148704333007297	16	3	0.0763128033052075	0.19803752063787
ASV337	Filtered	yes	-0.0129490420257459	0.00677599395607832	16	3	0.0766966120389439	0.19803752063787
ASV356	Filtered	yes	-0.00954797099507778	0.00499408522042655	16	3	0.0765811601713376	0.19803752063787
ASV363	Filtered	yes	-0.0102122936371696	0.00535803840125364	16	3	0.0773940536379844	0.199095483708124
ASV787	Filtered	yes	-0.00487747329612884	0.0025629754310269	16	3	0.077801356115668	0.199401994192749
ASV43	Filtered	yes	-0.0070730903755339	0.00374310120635586	16	6	0.0796945729719837	0.199729886661694
ASV286	Filtered	yes	-0.0123407527409853	0.00651640944680849	16	5	0.0791028174528	0.199729886661694
ASV346	Filtered	yes	-0.0107150809459073	0.00567513182208441	16	3	0.0799170255721717	0.199729886661694
ASV439	Filtered	yes	-0.0122520082021116	0.00648993425608928	16	4	0.0799496800654469	0.199729886661694
ASV586	Filtered	yes	-0.0077251562642732	0.00408683220852641	16	3	0.0796059611549296	0.199729886661694
ASV779	Filtered	yes	-0.00602861739486646	0.00319110561797982	16	3	0.0797573284631412	0.199729886661694
ASV861	Filtered	yes	-0.00421056345907622	0.00221637867291968	16	3	0.078263470759186	0.199729886661694
ASV795	Filtered	yes	-0.00581422776786976	0.00308563616150261	16	3	0.0804603408742149	0.200282575125744
ASV130	Filtered	yes	-0.0292239123361232	0.0155392329293569	16	3	0.0809848032939623	0.200715664698682
ASV180	Filtered	yes	-0.0178894525095871	0.00956552492264483	16	3	0.0825102328318674	0.200715664698682
ASV191	Filtered	yes	-0.0209794256266483	0.011243245668112	16	3	0.0831367339418736	0.200715664698682
ASV311	Filtered	yes	-0.0115222544968476	0.0061626711047	16	3	0.0825861555474063	0.200715664698682
ASV317	Filtered	yes	-0.00810708344022606	0.00432365558940876	16	3	0.0817989326083031	0.200715664698682
ASV338	Filtered	yes	-0.0150772381602257	0.00807857310445999	16	4	0.0830824786823416	0.200715664698682
ASV476	Filtered	yes	-0.00876589322078528	0.0047045571513315	16	3	0.0835348431115903	0.200715664698682
ASV546	Filtered	yes	-0.0108460319211199	0.00578274579998833	16	4	0.0817212671067016	0.200715664698682
ASV901	Filtered	yes	-0.00467496205294753	0.00250837033536015	16	3	0.0834652675162618	0.200715664698682
ASV1080	Filtered	yes	-0.00353791145486482	0.00189784526330328	16	3	0.0834016462858627	0.200715664698682
ASV444	Filtered	yes	-0.0140113946626433	0.00755605662167095	16	3	0.0848763281146844	0.201842045523265
ASV736	Filtered	yes	-0.00540800534880295	0.00291490604701684	16	3	0.084730492539187	0.201842045523265
ASV784	Filtered	yes	-0.00448289029524624	0.00241755059713153	16	3	0.0848786636521244	0.201842045523265
ASV97	Filtered	yes	-0.0390749074090129	0.021100571444586	16	4	0.085252197918354	0.202036030683222
ASV5	Filtered	yes	0.136258978598003	0.0765639740304717	16	16	0.0968371115775881	0.203055793054162
ASV7	Filtered	yes	-0.193962803527298	0.110102872069811	16	16	0.0999405207213454	0.203055793054162
ASV14	Filtered	yes	-0.117108595721153	0.0647814807790487	16	16	0.0921735920847366	0.203055793054162
ASV18	Filtered	yes	-0.0814822699122652	0.0545580381914571	16	10	0.157499549262916	0.203055793054162
ASV48	Filtered	yes	-0.0164047910601313	0.00972258665689183	16	3	0.113691948247329	0.203055793054162
ASV58	Filtered	yes	-0.0532756124814501	0.0302122266404183	16	5	0.0996391371542926	0.203055793054162
ASV63	Filtered	yes	-0.0287265488419816	0.0166439901174607	16	8	0.106349619703001	0.203055793054162
ASV65	Filtered	yes	-0.0317449719376213	0.0187439199107633	16	5	0.11246047728434	0.203055793054162
ASV69	Filtered	yes	-0.0323192935609722	0.0176165554986965	16	6	0.0879015654618189	0.203055793054162
ASV94	Filtered	yes	-0.0435955947421183	0.0242209049166829	16	9	0.0934541249683999	0.203055793054162
ASV112	Filtered	yes	-0.00368312487948009	0.00253430069108841	16	2	0.168184219295455	0.203055793054162
ASV120	Filtered	yes	-0.033216118070378	0.0181984916772745	16	4	0.089374279109526	0.203055793054162
ASV121	Filtered	yes	-0.0201240415971936	0.0135138868091757	16	3	0.158630284687661	0.203055793054162
ASV127	Filtered	yes	-0.00608890308525434	0.00399462949147632	16	2	0.149708059930905	0.203055793054162
ASV136	Filtered	yes	-0.032156027575522	0.0192118317801502	16	5	0.116363689612515	0.203055793054162
ASV137	Filtered	yes	-0.0218248216418175	0.0121514548326568	16	8	0.0940892927243338	0.203055793054162
ASV138	Filtered	yes	-0.0347708630223046	0.0200259241831109	16	7	0.104455516797825	0.203055793054162
ASV140	Filtered	yes	-0.0256332079911855	0.0176722751117301	16	2	0.168960085589191	0.203055793054162
ASV146	Filtered	yes	-0.0170752313727496	0.0104932116522353	16	6	0.125969871349511	0.203055793054162
ASV152	Filtered	yes	-0.0154491069678108	0.0105510244035523	16	5	0.165223191110637	0.203055793054162
ASV156	Filtered	yes	-0.0194919266646379	0.0108502350563939	16	3	0.0940255184365906	0.203055793054162
ASV159	Filtered	yes	-0.0016643770223332	0.00109977707325557	16	2	0.152428464742326	0.203055793054162
ASV161	Filtered	yes	-0.0174790659088986	0.0106798279163775	16	3	0.123978813047098	0.203055793054162
ASV162	Filtered	yes	-0.00451013217981594	0.00296019197821646	16	2	0.149876089969723	0.203055793054162
ASV165	Filtered	yes	-0.01633966547972	0.0109630080039684	16	2	0.158292776820349	0.203055793054162
ASV169	Filtered	yes	-0.0190557142386331	0.0106648024165512	16	5	0.0956364906635906	0.203055793054162
ASV171	Filtered	yes	-0.00448373815443166	0.00298211491616533	16	2	0.154919453808055	0.203055793054162
ASV172	Filtered	yes	-0.0276038126473734	0.0170453362451852	16	3	0.127653212890487	0.203055793054162
ASV177	Filtered	yes	-0.0214334797830307	0.0142885936336329	16	2	0.155814747246182	0.203055793054162
ASV185	Filtered	yes	-0.0148278524867142	0.00977180763432307	16	2	0.15141625275634	0.203055793054162
ASV186	Filtered	yes	-0.0158126410859153	0.00969551911523454	16	5	0.125190004088389	0.203055793054162
ASV189	Filtered	yes	-0.0213551765423791	0.0142150235741537	16	2	0.155237721605918	0.203055793054162
ASV197	Filtered	yes	-0.0158559415101505	0.00921809900524755	16	3	0.10743396809999	0.203055793054162
ASV199	Filtered	yes	-0.0211247974188388	0.0138316342028502	16	2	0.148964031515103	0.203055793054162
ASV201	Filtered	yes	-0.0157357496430802	0.00911646569218396	16	3	0.106324018640804	0.203055793054162
ASV203	Filtered	yes	-0.0202281106632118	0.0119493050843829	16	3	0.112613001816903	0.203055793054162
ASV209	Filtered	yes	-0.0218568222866761	0.0130736038256386	16	3	0.116750023123893	0.203055793054162
ASV210	Filtered	yes	-0.0143174568820392	0.00888631381244231	16	3	0.129448825464757	0.203055793054162
ASV212	Filtered	yes	-0.0150968723361121	0.00905441750150979	16	5	0.117649500309193	0.203055793054162
ASV219	Filtered	yes	-0.0100656210068709	0.00678973986054349	16	2	0.160371732947431	0.203055793054162
ASV220	Filtered	yes	-0.020683309934235	0.0126386058025096	16	3	0.124005109189285	0.203055793054162
ASV228	Filtered	yes	-0.0130111505298955	0.0086023645722786	16	2	0.15264699796031	0.203055793054162
ASV232	Filtered	yes	-0.0130551710327197	0.00796407889047541	16	5	0.123428767988138	0.203055793054162
ASV238	Filtered	yes	-0.0186007311976787	0.0122736056224818	16	3	0.151893400089015	0.203055793054162
ASV240	Filtered	yes	-0.0121718917802323	0.00832712310932841	16	2	0.165900531818394	0.203055793054162
ASV241	Filtered	yes	-0.0123670331427135	0.00818389673651418	16	2	0.152991465008513	0.203055793054162
ASV244	Filtered	yes	-0.0118090241291454	0.00793035785286233	16	2	0.158642510685962	0.203055793054162
ASV250	Filtered	yes	-0.0128193338973258	0.00769487515144666	16	3	0.117930122945173	0.203055793054162
ASV251	Filtered	yes	-0.017495290586252	0.0103303778796735	16	5	0.112467710056779	0.203055793054162
ASV253	Filtered	yes	-0.0148180132951356	0.00821257797869802	16	3	0.0927342383939222	0.203055793054162
ASV261	Filtered	yes	-0.0032939747289968	0.0021591832094728	16	2	0.14938799607595	0.203055793054162
ASV264	Filtered	yes	-0.0166393331171202	0.010930797039059	16	2	0.150211513034292	0.203055793054162
ASV265	Filtered	yes	-0.0110737526049255	0.00739367304777933	16	3	0.156407110313907	0.203055793054162
ASV268	Filtered	yes	-0.0109781267013725	0.00734633009011829	16	2	0.157274232360762	0.203055793054162
ASV273	Filtered	yes	-0.0110253848500643	0.00723281054986991	16	2	0.14968709269769	0.203055793054162
ASV281	Filtered	yes	-0.0118357605153727	0.00703701218879095	16	3	0.114743679284117	0.203055793054162
ASV284	Filtered	yes	-0.015838003925076	0.00992120034440171	16	4	0.132723062798251	0.203055793054162
ASV287	Filtered	yes	-0.0107518418865933	0.00704105947122352	16	2	0.149028422942108	0.203055793054162
ASV290	Filtered	yes	-0.0107085703520264	0.00706713720184568	16	2	0.151954573623543	0.203055793054162
ASV293	Filtered	yes	-0.0167299050992252	0.00980210044290142	16	3	0.109937959591002	0.203055793054162
ASV316	Filtered	yes	-0.00955062332166586	0.00633906606933445	16	2	0.154133974198818	0.203055793054162
ASV318	Filtered	yes	-0.0143359327850552	0.00924422650859642	16	4	0.143256422935682	0.203055793054162
ASV319	Filtered	yes	-0.00959326982280789	0.00628725236434976	16	2	0.149322842435706	0.203055793054162
ASV327	Filtered	yes	-0.00919228869275829	0.00635410017070096	16	2	0.170006471931227	0.203055793054162
ASV330	Filtered	yes	-0.00933493428489722	0.0061185226228078	16	2	0.149358521578867	0.203055793054162
ASV332	Filtered	yes	-0.0091074714499277	0.00602657954518868	16	2	0.152972549513544	0.203055793054162
ASV335	Filtered	yes	-0.00911435558342272	0.00598657850745131	16	2	0.150156472212361	0.203055793054162
ASV342	Filtered	yes	-0.012780212712999	0.00866386353995058	16	2	0.162313546353541	0.203055793054162
ASV351	Filtered	yes	-0.00867719554311412	0.00584142385760148	16	2	0.159589886495707	0.203055793054162
ASV353	Filtered	yes	-0.0125121974657903	0.0083914809202911	16	2	0.158131000494952	0.203055793054162
ASV358	Filtered	yes	-0.01150658002972	0.00709127794576055	16	3	0.126962139689293	0.203055793054162
ASV359	Filtered	yes	-0.0119052867453439	0.00801175373629287	16	2	0.15945431361463	0.203055793054162
ASV360	Filtered	yes	-0.0115060893607406	0.00686068909755776	16	3	0.115698393371358	0.203055793054162
ASV367	Filtered	yes	-0.0123077246436779	0.00808593664690782	16	2	0.150243434650699	0.203055793054162
ASV369	Filtered	yes	-0.00822956150478005	0.00547596971628419	16	2	0.155096279014659	0.203055793054162
ASV380	Filtered	yes	-0.00820638657701573	0.00537481549140626	16	2	0.149077414347019	0.203055793054162
ASV388	Filtered	yes	-0.0113034002595427	0.00655255594952238	16	3	0.106516537727021	0.203055793054162
ASV400	Filtered	yes	-0.00768420189065044	0.0050582345839504	16	2	0.150982585976776	0.203055793054162
ASV403	Filtered	yes	-0.0110154838507748	0.00723113534805854	16	2	0.149939008343311	0.203055793054162
ASV405	Filtered	yes	-0.0113481750575571	0.00740375535565355	16	3	0.14761758998917	0.203055793054162
ASV409	Filtered	yes	-0.00898356399246687	0.00531737294622326	16	3	0.113264911111635	0.203055793054162
ASV411	Filtered	yes	-0.0110083097057707	0.00740629520577646	16	2	0.159358342926924	0.203055793054162
ASV419	Filtered	yes	-0.0110333406592976	0.00723596758252114	16	2	0.149579499383989	0.203055793054162
ASV420	Filtered	yes	-0.0109557620628991	0.00723965594569792	16	2	0.152448090318396	0.203055793054162
ASV422	Filtered	yes	-0.00752000256917686	0.00493390060942941	16	2	0.149738469200392	0.203055793054162
ASV423	Filtered	yes	-0.00756290344366193	0.0049517429197034	16	2	0.148954132422954	0.203055793054162
ASV425	Filtered	yes	-0.00858140300024731	0.00474300931925458	16	3	0.0919259423339406	0.203055793054162
ASV429	Filtered	yes	-0.0109429802735792	0.00719685922453381	16	2	0.150639849412217	0.203055793054162
ASV430	Filtered	yes	-0.010790403467296	0.00716150749577705	16	2	0.154110368772065	0.203055793054162
ASV434	Filtered	yes	-0.0105971573927627	0.00712927626670801	16	2	0.159336605393025	0.203055793054162
ASV449	Filtered	yes	-0.00691767802358851	0.00472135557247666	16	2	0.164964712704752	0.203055793054162
ASV451	Filtered	yes	-0.00483550878789642	0.00317895392895824	16	2	0.150495694837976	0.203055793054162
ASV452	Filtered	yes	-0.00715076081857826	0.00477976902230274	16	2	0.156841162176959	0.203055793054162
ASV456	Filtered	yes	-0.00712833749659706	0.00469118009894434	16	2	0.150889760708312	0.203055793054162
ASV461	Filtered	yes	-0.00800999440944291	0.00478461156005191	16	3	0.116293016970721	0.203055793054162
ASV480	Filtered	yes	-0.00670905433401104	0.00442040774301754	16	2	0.15133267355124	0.203055793054162
ASV484	Filtered	yes	-0.00448843718793925	0.0030736461266589	16	2	0.166284205496582	0.203055793054162
ASV485	Filtered	yes	-0.00665249655880037	0.00440180350281186	16	2	0.152948770702415	0.203055793054162
ASV486	Filtered	yes	-0.0107925344911268	0.0060176421448934	16	3	0.0945178552566784	0.203055793054162
ASV487	Filtered	yes	-0.0122459629472495	0.00745837746801401	16	3	0.122873223319376	0.203055793054162
ASV501	Filtered	yes	-0.00644690736012651	0.00425378709515126	16	2	0.151877795446898	0.203055793054162
ASV504	Filtered	yes	-0.00651000400003341	0.00426859262849344	16	2	0.14950463263432	0.203055793054162
ASV511	Filtered	yes	-0.00623977544160902	0.0041020326175867	16	2	0.150485314534993	0.203055793054162
ASV515	Filtered	yes	-0.00624640244605293	0.0040919683371494	16	2	0.14915616404027	0.203055793054162
ASV521	Filtered	yes	-0.00617695347360656	0.00408392848443359	16	2	0.152648450138604	0.203055793054162
ASV527	Filtered	yes	-0.0090247363781582	0.00574012221716216	16	3	0.138220389384953	0.203055793054162
ASV529	Filtered	yes	-0.00577053063114786	0.00390135969066139	16	2	0.161258020516727	0.203055793054162
ASV534	Filtered	yes	-0.0109723879753084	0.00599865833291389	16	4	0.0887552878950001	0.203055793054162
ASV535	Filtered	yes	-0.0057806203908387	0.00388150095146042	16	2	0.15859475899048	0.203055793054162
ASV545	Filtered	yes	-0.00581881922478006	0.00387738473158508	16	2	0.155644147599291	0.203055793054162
ASV548	Filtered	yes	-0.00572710153961518	0.00385845326783424	16	2	0.159893241005055	0.203055793054162
ASV549	Filtered	yes	-0.00260327374849067	0.00171130903599455	16	2	0.150466535212524	0.203055793054162
ASV551	Filtered	yes	-0.0065165787451488	0.0037139839121699	16	3	0.10117718840871	0.203055793054162
ASV552	Filtered	yes	-0.00568771206552698	0.00375157123045788	16	2	0.151747644115175	0.203055793054162
ASV561	Filtered	yes	-0.00558448460471946	0.00367561922982877	16	2	0.150936511149869	0.203055793054162
ASV565	Filtered	yes	-0.00610306093212186	0.0035423714548133	16	3	0.10691657312044	0.203055793054162
ASV569	Filtered	yes	-0.00557153456501534	0.0036866621528913	16	2	0.152959762054014	0.203055793054162
ASV570	Filtered	yes	-0.00555407112191894	0.00364150757189465	16	2	0.149475366900134	0.203055793054162
ASV572	Filtered	yes	-0.00747372917115503	0.00493766990952226	16	3	0.152368633390629	0.203055793054162
ASV574	Filtered	yes	-0.00759837274501164	0.00481604940142302	16	3	0.136952344998781	0.203055793054162
ASV575	Filtered	yes	-0.00548742642859437	0.00359271334249102	16	2	0.148940529821159	0.203055793054162
ASV577	Filtered	yes	-0.00685663426305566	0.00464249712972246	16	2	0.161833802689148	0.203055793054162
ASV578	Filtered	yes	-0.00537724727324554	0.00361247106793371	16	2	0.158790273027459	0.203055793054162
ASV579	Filtered	yes	-0.00538718290325362	0.00353821836383839	16	2	0.150130520101701	0.203055793054162
ASV580	Filtered	yes	-0.00537339370761121	0.00352170375106091	16	2	0.149331463346059	0.203055793054162
ASV581	Filtered	yes	-0.0052580709459048	0.00349192231958377	16	2	0.154349509701269	0.203055793054162
ASV582	Filtered	yes	-0.00535450585864123	0.00354437607836321	16	2	0.153101934866507	0.203055793054162
ASV583	Filtered	yes	-0.0052440484040271	0.00349173161458261	16	2	0.155352405541661	0.203055793054162
ASV584	Filtered	yes	-0.00533120761372301	0.00349850705189962	16	2	0.149812188009205	0.203055793054162
ASV585	Filtered	yes	-0.00519264827221283	0.00359073476215162	16	2	0.170157118152761	0.203055793054162
ASV589	Filtered	yes	-0.0041280824391544	0.0027593062306535	16	2	0.156838393735092	0.203055793054162
ASV595	Filtered	yes	-0.0051658390220573	0.00338185251466362	16	2	0.148905772800932	0.203055793054162
ASV596	Filtered	yes	-0.00508228845697981	0.00336680055169002	16	2	0.153398680670579	0.203055793054162
ASV602	Filtered	yes	-0.00510473920808836	0.00336427799840173	16	2	0.151435189266143	0.203055793054162
ASV609	Filtered	yes	-0.00503407550108038	0.00332499869390438	16	2	0.152269649276309	0.203055793054162
ASV614	Filtered	yes	-0.00500101858675728	0.00327394294072653	16	2	0.148904768431365	0.203055793054162
ASV615	Filtered	yes	-0.00500676684496758	0.00327952727405253	16	2	0.149114124829459	0.203055793054162
ASV616	Filtered	yes	-0.00718813733968396	0.00479761017408602	16	2	0.156268076145735	0.203055793054162
ASV617	Filtered	yes	-0.00562814257991082	0.00368731025858176	16	2	0.149192880867084	0.203055793054162
ASV618	Filtered	yes	-0.00663672104168849	0.00441710235998044	16	2	0.155184241258084	0.203055793054162
ASV619	Filtered	yes	-0.00494092638973012	0.00330008568570659	16	2	0.156541384397821	0.203055793054162
ASV620	Filtered	yes	-0.00494004267671454	0.00324202793799356	16	2	0.14983732494309	0.203055793054162
ASV627	Filtered	yes	0.00411489358873867	0.00269458147212377	16	2	0.149008954459583	0.203055793054162
ASV629	Filtered	yes	-0.00483552658360122	0.00316835575393772	16	2	0.149232455525397	0.203055793054162
ASV630	Filtered	yes	-0.00462786912186922	0.00314901141302645	16	2	0.163775410753668	0.203055793054162
ASV637	Filtered	yes	-0.00646716147144072	0.00428214361652805	16	2	0.153213620174914	0.203055793054162
ASV638	Filtered	yes	-0.00449392146729273	0.00310782871743491	16	2	0.170191271634991	0.203055793054162
ASV647	Filtered	yes	-0.00465932545300589	0.00315856904493499	16	2	0.162307967121413	0.203055793054162
ASV652	Filtered	yes	-0.00451983273504169	0.00310030278536099	16	2	0.16694272084697	0.203055793054162
ASV654	Filtered	yes	-0.00461513819940714	0.00302136980705637	16	2	0.148910439700965	0.203055793054162
ASV657	Filtered	yes	-0.00485900839698928	0.00329220226449958	16	2	0.162102203134205	0.203055793054162
ASV659	Filtered	yes	-0.00614045336006109	0.00419602904080708	16	2	0.165447253442956	0.203055793054162
ASV660	Filtered	yes	-0.00435540395319857	0.00285287211860791	16	2	0.149114111166209	0.203055793054162
ASV667	Filtered	yes	-0.00506731924934264	0.00283803547622738	16	3	0.0958521510782058	0.203055793054162
ASV680	Filtered	yes	-0.00531791585446237	0.00354264421833717	16	2	0.155539799951664	0.203055793054162
ASV686	Filtered	yes	-0.00642253209299522	0.00420834670162081	16	2	0.149245537584667	0.203055793054162
ASV687	Filtered	yes	-0.00706687032650456	0.00462670841825951	16	2	0.148932852925786	0.203055793054162
ASV689	Filtered	yes	-0.00759402924134985	0.00510943162848191	16	2	0.159376174019154	0.203055793054162
ASV695	Filtered	yes	-0.00424170480537288	0.0028341151983673	16	2	0.156683533023484	0.203055793054162
ASV704	Filtered	yes	-0.00428272775805783	0.00286799195242975	16	2	0.157554545468761	0.203055793054162
ASV705	Filtered	yes	-0.00425812428898776	0.00288101803565295	16	2	0.161552269687185	0.203055793054162
ASV708	Filtered	yes	-0.00624977884392026	0.00409762541522546	16	2	0.149473476422742	0.203055793054162
ASV712	Filtered	yes	-0.0042738877979028	0.00279811858248891	16	2	0.148931109864201	0.203055793054162
ASV717	Filtered	yes	-0.00607869105085317	0.00410211651766092	16	2	0.160537905826569	0.203055793054162
ASV718	Filtered	yes	-0.00423595217838699	0.00278974655175795	16	2	0.151169017859195	0.203055793054162
ASV719	Filtered	yes	-0.00420120370078156	0.00276096573459175	16	2	0.150360798912682	0.203055793054162
ASV720	Filtered	yes	-0.00421126443678938	0.0027628307598524	16	2	0.149711823291625	0.203055793054162
ASV721	Filtered	yes	-0.00421980226886628	0.00280525528041794	16	2	0.154739508306224	0.203055793054162
ASV727	Filtered	yes	-0.00412683286803398	0.00273161082766733	16	2	0.153085725262429	0.203055793054162
ASV731	Filtered	yes	-0.00415483298886654	0.00273723026783897	16	2	0.151294872323705	0.203055793054162
ASV733	Filtered	yes	-0.00528487278414056	0.00347450472232282	16	2	0.150509914199215	0.203055793054162
ASV749	Filtered	yes	-0.00399789142698244	0.00262746041252929	16	2	0.150376403889745	0.203055793054162
ASV756	Filtered	yes	-0.00394320200707268	0.00265977343516852	16	2	0.160356547370977	0.203055793054162
ASV760	Filtered	yes	-0.00386510077866738	0.00256866984196971	16	2	0.154622307950043	0.203055793054162
ASV767	Filtered	yes	-0.00388352594352653	0.0025465038061031	16	2	0.149517377952714	0.203055793054162
ASV768	Filtered	yes	-0.00370336104560613	0.00254529053728843	16	2	0.167726975283024	0.203055793054162
ASV769	Filtered	yes	-0.00390525320033735	0.00255931857547593	16	2	0.149306267841948	0.203055793054162
ASV773	Filtered	yes	-0.00385152926207962	0.00252188320580085	16	2	0.148973425237489	0.203055793054162
ASV774	Filtered	yes	-0.00375185236251136	0.00251225674943684	16	2	0.157519698043257	0.203055793054162
ASV777	Filtered	yes	-0.00381751122239516	0.00250188584573203	16	2	0.149316705085517	0.203055793054162
ASV783	Filtered	yes	-0.00433168257941824	0.00285054981430224	16	2	0.150870698672613	0.203055793054162
ASV785	Filtered	yes	-0.00372126096562546	0.0025174351996707	16	2	0.161498804348486	0.203055793054162
ASV786	Filtered	yes	-0.00376817320489293	0.00246689140001481	16	2	0.148910439203722	0.203055793054162
ASV792	Filtered	yes	-0.00399418303110852	0.00272532311937649	16	2	0.164859216275297	0.203055793054162
ASV793	Filtered	yes	-0.00372220416954006	0.00245801595242193	16	2	0.15219320370052	0.203055793054162
ASV805	Filtered	yes	-0.00629216205088488	0.00417056846085699	16	2	0.153607345978777	0.203055793054162
ASV812	Filtered	yes	-0.00355657846465522	0.00233769625853298	16	2	0.150420413846897	0.203055793054162
ASV815	Filtered	yes	-0.00351444735981651	0.00230756243848242	16	2	0.150020392972076	0.203055793054162
ASV819	Filtered	yes	-0.0039241025041689	0.00260324444901007	16	2	0.153941126875736	0.203055793054162
ASV821	Filtered	yes	-0.00327335922086186	0.00224280930823452	16	2	0.166502642130505	0.203055793054162
ASV822	Filtered	yes	-0.00339921018903198	0.00235054764307274	16	2	0.170154011893839	0.203055793054162
ASV824	Filtered	yes	-0.00348824929287884	0.00230281145758216	16	2	0.152076144461497	0.203055793054162
ASV838	Filtered	yes	-0.00338927688092566	0.00221880293046212	16	2	0.148903939156147	0.203055793054162
ASV840	Filtered	yes	-0.00451428232192588	0.00297466210734825	16	2	0.151374537482764	0.203055793054162
ASV841	Filtered	yes	-0.00655383681957512	0.00372433071608567	16	3	0.100275409592689	0.203055793054162
ASV842	Filtered	yes	-0.00172833222992013	0.00113595739145704	16	2	0.150402222105419	0.203055793054162
ASV851	Filtered	yes	-0.00333548916801106	0.00218399328738265	16	2	0.148973422486809	0.203055793054162
ASV853	Filtered	yes	-0.00327335922086186	0.00224280930823452	16	2	0.166502642130505	0.203055793054162
ASV862	Filtered	yes	-0.00326590250359793	0.00218800677994944	16	2	0.1577217970929	0.203055793054162
ASV865	Filtered	yes	-0.0032357499816833	0.00214274234165942	16	2	0.153255333775903	0.203055793054162
ASV866	Filtered	yes	-0.00236043091111449	0.00160487699063528	16	2	0.163465627906679	0.203055793054162
ASV867	Filtered	yes	-0.00328664762979829	0.00217327521094329	16	2	0.152699144236694	0.203055793054162
ASV876	Filtered	yes	-0.00465523680216087	0.00304862612612385	16	2	0.14903471182684	0.203055793054162
ASV880	Filtered	yes	-0.00318775421463389	0.00208803930511704	16	2	0.14911409143464	0.203055793054162
ASV883	Filtered	yes	-0.00310949619034109	0.00208264776023839	16	2	0.157615333407894	0.203055793054162
ASV888	Filtered	yes	-0.00276803477452674	0.00185544395548015	16	2	0.157927289195903	0.203055793054162
ASV894	Filtered	yes	-0.00356557432769181	0.00233503228521717	16	2	0.149035584887746	0.203055793054162
ASV895	Filtered	yes	-0.00379953348813631	0.00250679792665307	16	2	0.151846926168456	0.203055793054162
ASV896	Filtered	yes	-0.00306536960651533	0.00200922264372198	16	2	0.149367132511869	0.203055793054162
ASV903	Filtered	yes	-0.00434879517374394	0.00289592921489798	16	2	0.155392036374939	0.203055793054162
ASV904	Filtered	yes	-0.00301460717502414	0.00197447131893304	16	2	0.149084803106818	0.203055793054162
ASV906	Filtered	yes	-0.00297607667359157	0.00202197178948918	16	2	0.163177063070646	0.203055793054162
ASV920	Filtered	yes	-0.0041733387018381	0.00278797101479432	16	2	0.156619261995572	0.203055793054162
ASV921	Filtered	yes	-0.00420435965886394	0.00278443380670843	16	2	0.153292283170633	0.203055793054162
ASV937	Filtered	yes	0.00350547005844982	0.00238669459951441	16	2	0.16400826242888	0.203055793054162
ASV939	Filtered	yes	-0.00284527775398556	0.00186287573092792	16	2	0.148945180686368	0.203055793054162
ASV940	Filtered	yes	-0.00279618927299552	0.00185544660370418	16	2	0.154035609079862	0.203055793054162
ASV949	Filtered	yes	-0.00398900933360651	0.00267591099474314	16	2	0.158221517520236	0.203055793054162
ASV950	Filtered	yes	-0.00343116805397229	0.00232238960693824	16	2	0.161701049556014	0.203055793054162
ASV951	Filtered	yes	-0.00349728483114123	0.00240100301519925	16	2	0.167289200233069	0.203055793054162
ASV953	Filtered	yes	-0.0027799182863375	0.00182151147902328	16	2	0.149240894519286	0.203055793054162
ASV954	Filtered	yes	-0.00276559546305781	0.00181847585680188	16	2	0.150562673601978	0.203055793054162
ASV955	Filtered	yes	-0.00268492822753307	0.0018172763554243	16	2	0.161696737366583	0.203055793054162
ASV957	Filtered	yes	-0.00278874801274064	0.00182572698466467	16	2	0.148916847832741	0.203055793054162
ASV958	Filtered	yes	-0.00279226038574323	0.00183108729355028	16	2	0.149547813099611	0.203055793054162
ASV959	Filtered	yes	-0.00278874801274064	0.00182572698466467	16	2	0.148916847832741	0.203055793054162
ASV974	Filtered	yes	-0.00271469212598066	0.00181002655349043	16	2	0.155874559929128	0.203055793054162
ASV976	Filtered	yes	-0.00267265569026827	0.00183122212424747	16	2	0.166502032977599	0.203055793054162
ASV977	Filtered	yes	-0.00267265569026827	0.00183122212424747	16	2	0.166502032977599	0.203055793054162
ASV980	Filtered	yes	-0.00261558832455196	0.00173560633375573	16	2	0.15403555699008	0.203055793054162
ASV982	Filtered	yes	-0.00263854796344586	0.00173709220078593	16	2	0.151032940464825	0.203055793054162
ASV984	Filtered	yes	-0.00265467122860436	0.00174002683692285	16	2	0.149367120930411	0.203055793054162
ASV988	Filtered	yes	-0.00448118570216444	0.00295287387427383	16	2	0.151377186337697	0.203055793054162
ASV998	Filtered	yes	-0.00256325572296562	0.00173935063874958	16	2	0.162693620205916	0.203055793054162
ASV999	Filtered	yes	-0.00259573305862685	0.00169981649834479	16	2	0.149017026660586	0.203055793054162
ASV1002	Filtered	yes	-0.00316264972464225	0.00210259451375904	16	2	0.15476081747428	0.203055793054162
ASV1006	Filtered	yes	-0.00252308005222342	0.00165456419570684	16	2	0.14954734204066	0.203055793054162
ASV1007	Filtered	yes	-0.00253791428084261	0.00166482956511358	16	2	0.149669264842382	0.203055793054162
ASV1027	Filtered	yes	-0.00420134391414074	0.00275326765426788	16	2	0.14929328008234	0.203055793054162
ASV1034	Filtered	yes	-0.00240739790194728	0.00165963679904689	16	2	0.168937805093799	0.203055793054162
ASV1037	Filtered	yes	-0.00239634360248175	0.00158316452504272	16	2	0.152361851309315	0.203055793054162
ASV1038	Filtered	yes	-0.00240063001364257	0.00157514083519161	16	2	0.149757387815602	0.203055793054162
ASV1039	Filtered	yes	-0.0023832703947638	0.00159302950372616	16	2	0.156837471525925	0.203055793054162
ASV1045	Filtered	yes	-0.00413222724154842	0.00270868707160099	16	2	0.149392693898979	0.203055793054162
ASV1049	Filtered	yes	-0.00329607195356464	0.00226603340979775	16	2	0.167844178899111	0.203055793054162
ASV1051	Filtered	yes	-0.00231791092711574	0.00154165933069493	16	2	0.154926111735365	0.203055793054162
ASV1052	Filtered	yes	-0.00226609123123507	0.00156699286942219	16	2	0.170152718027756	0.203055793054162
ASV1053	Filtered	yes	-0.00227224689607039	0.00151481340860647	16	2	0.155820786526524	0.203055793054162
ASV1057	Filtered	yes	-0.0025738792727859	0.00171418604406812	16	2	0.155436948524223	0.203055793054162
ASV1062	Filtered	yes	-0.00388885298204549	0.0025713609234342	16	2	0.152681538472495	0.203055793054162
ASV1069	Filtered	yes	-0.00224919361062753	0.00148883325953254	16	2	0.153100900357373	0.203055793054162
ASV1076	Filtered	yes	-0.00389900416086052	0.00257175526210275	16	2	0.15174794536387	0.203055793054162
ASV1081	Filtered	yes	-0.00317234751862835	0.00208198337552453	16	2	0.149846415281392	0.203055793054162
ASV1083	Filtered	yes	-0.0021765406042241	0.00143444677763401	16	2	0.151434621060257	0.203055793054162
ASV1085	Filtered	yes	-0.00216751632814304	0.00142071697016075	16	2	0.149367109349737	0.203055793054162
ASV1095	Filtered	yes	-0.00372854532621846	0.00257752119375671	16	2	0.170036241102752	0.203055793054162
ASV1106	Filtered	yes	-0.0030139329532231	0.00203032819469468	16	2	0.159852332516747	0.203055793054162
ASV1110	Filtered	yes	-0.00207714385108611	0.00136686497546698	16	2	0.150859380743025	0.203055793054162
ASV1112	Filtered	yes	-0.00209451260049402	0.00137126457346686	16	2	0.148927014355432	0.203055793054162
ASV1116	Filtered	yes	-0.00266981983212924	0.00179749104044819	16	2	0.159630534660188	0.203055793054162
ASV1131	Filtered	yes	-0.00225171800878285	0.00147822345707794	16	2	0.149959178125918	0.203055793054162
ASV1133	Filtered	yes	-0.00234603064862177	0.00153719395834364	16	2	0.149236643804792	0.203055793054162
ASV1135	Filtered	yes	-0.00234603064862177	0.00153719395834364	16	2	0.149236643804792	0.203055793054162
ASV1137	Filtered	yes	-0.00199691089771525	0.00134152960675168	16	2	0.158787778647723	0.203055793054162
ASV1142	Filtered	yes	-0.0026497162737863	0.00178833133066998	16	2	0.160583362506108	0.203055793054162
ASV1175	Filtered	yes	-0.00191955676561283	0.0012798675387841	16	2	0.155874295783863	0.203055793054162
ASV1176	Filtered	yes	-0.00192570744807108	0.00126090413334232	16	2	0.148973416986332	0.203055793054162
ASV1193	Filtered	yes	-0.00198994806768209	0.00131869746026716	16	2	0.153526487640043	0.203055793054162
ASV1198	Filtered	yes	-0.00197198790778687	0.00130927740208588	16	2	0.154251928707347	0.203055793054162
ASV1202	Filtered	yes	-0.00181247696692165	0.00122989264401173	16	2	0.162693171527085	0.203055793054162
ASV1206	Filtered	yes	-0.00182574610984879	0.00119938957893057	16	2	0.150214973420405	0.203055793054162
ASV1208	Filtered	yes	-0.00233386708447831	0.00156369166746685	16	2	0.157748099164902	0.203055793054162
ASV1211	Filtered	yes	-0.00184041742144165	0.00120550817295635	16	2	0.149114076259915	0.203055793054162
ASV1212	Filtered	yes	-0.00184041742144165	0.00120550817295635	16	2	0.149114076259915	0.203055793054162
ASV1228	Filtered	yes	-0.00243442023766223	0.00163470004253571	16	2	0.158610171424743	0.203055793054162
ASV1239	Filtered	yes	-0.00174045608321936	0.00113994305465709	16	2	0.149084791424857	0.203055793054162
ASV1247	Filtered	yes	-0.00293353223732453	0.00193304729081808	16	2	0.151376887422049	0.203055793054162
ASV1265	Filtered	yes	0.00162310577605316	0.00106525808367743	16	2	0.1498564332348	0.203055793054162
ASV1274	Filtered	yes	-0.00163899794287105	0.00109010891671965	16	2	0.154925944517975	0.203055793054162
ASV1276	Filtered	yes	-0.00163899794287105	0.00109010891671965	16	2	0.154925944517975	0.203055793054162
ASV1279	Filtered	yes	-0.00162699551969054	0.00107197865697756	16	2	0.151331589737711	0.203055793054162
ASV1280	Filtered	yes	-0.00162699551969054	0.00107197865697756	16	2	0.151331589737711	0.203055793054162
ASV1308	Filtered	yes	-0.00153265583981112	0.00100459224501966	16	2	0.149367097769847	0.203055793054162
ASV1309	Filtered	yes	-0.00153903660464876	0.00101430027397586	16	2	0.151434557947815	0.203055793054162
ASV1324	Filtered	yes	-0.00255061031344925	0.00169604215414458	16	2	0.15483858043408	0.203055793054162
ASV1349	Filtered	yes	-0.0013980714258569	0.000927707142187339	16	2	0.154035296563184	0.203055793054162
ASV1415	Filtered	yes	0.00100893563635173	0.000661404152570157	16	2	0.149417731956136	0.203055793054162
ASV1416	Filtered	yes	-0.00170131236133396	0.00111385312713873	16	2	0.148931866234917	0.203055793054162
ASV207	Filtered	yes	-0.0133200971616204	0.00923001984639048	16	2	0.170985461199443	0.20365221884684
ASV441	Filtered	yes	-0.00717384519730713	0.00497768155605235	16	2	0.171519530218901	0.203937310844467
ASV288	Filtered	yes	-0.00329748653438924	0.00229153962254584	16	2	0.172136738177931	0.203970244553302
ASV669	Filtered	yes	-0.00423572140749826	0.00294242707282223	16	2	0.171983540760004	0.203970244553302
ASV292	Filtered	yes	-0.00999586154284459	0.00696809870760025	16	2	0.173384234487662	0.204878528986158
ASV349	Filtered	yes	-0.00392905525911732	0.00274049713144482	16	2	0.173613057059749	0.204878528986158
ASV460	Filtered	yes	-0.00330371277251096	0.00230726186062082	16	2	0.174125839024207	0.204878528986158
ASV556	Filtered	yes	-0.00532635065398446	0.00372495752373821	16	2	0.174679670667389	0.204878528986158
ASV631	Filtered	yes	-0.00451751268989975	0.00315769428086222	16	2	0.174474677608925	0.204878528986158
ASV688	Filtered	yes	-0.00424985005898841	0.00296817158060209	16	2	0.174145115083372	0.204878528986158
ASV114	Filtered	yes	-0.0201741752033497	0.0141811953175256	16	3	0.176750445788815	0.206258530330286
ASV272	Filtered	yes	-0.0103540153759133	0.00726900538522024	16	2	0.176236982640736	0.206258530330286
ASV467	Filtered	yes	-0.00966974765908195	0.00679283711338704	16	2	0.176488460663964	0.206258530330286
ASV850	Filtered	yes	-0.00321650406324533	0.0022644558785768	16	2	0.17736893028128	0.206631817768764
ASV1244	Filtered	yes	-0.00243854081455076	0.00171911546825385	16	2	0.177925183907412	0.206931474393158
ASV336	Filtered	yes	-0.00849593586264557	0.00600851163216516	16	2	0.179217967096341	0.207282185741429
ASV573	Filtered	yes	-0.00561148584948343	0.00396231443150228	16	2	0.178576473941027	0.207282185741429
ASV628	Filtered	yes	-0.00463586426253376	0.00327984949720063	16	2	0.179375072937985	0.207282185741429
ASV832	Filtered	yes	-0.0032980202185411	0.00233704920052783	16	2	0.18002397923497	0.207282185741429
ASV941	Filtered	yes	-0.00263408713021806	0.00186517886200492	16	2	0.179719571608562	0.207282185741429
ASV1204	Filtered	yes	-0.00176281532730879	0.00124916285710801	16	2	0.180021821456622	0.207282185741429
ASV309	Filtered	yes	-0.00942922602359675	0.00670050261248149	16	2	0.181168267855915	0.207714633589993
ASV443	Filtered	yes	-0.00716836508034688	0.00509929352618942	16	3	0.181600221563506	0.207714633589993
ASV547	Filtered	yes	-0.00535688351094618	0.00380979066155647	16	2	0.181505062054781	0.207714633589993
ASV1017	Filtered	yes	-0.00308462860597298	0.00219167956455031	16	2	0.181114453558316	0.207714633589993
ASV453	Filtered	yes	-0.00661429055851844	0.00471408102788348	16	2	0.182377274578472	0.208259198033503
ASV412	Filtered	yes	-0.00511627968260973	0.00365010278019543	16	2	0.182789986648438	0.208386607513541
ASV222	Filtered	yes	-0.00270366150543991	0.00193070974778404	16	2	0.18318112665444	0.208401844291606
ASV622	Filtered	yes	-0.00463807370990345	0.00331390268318125	16	2	0.183405669325994	0.208401844291606
ASV142	Filtered	yes	-0.00285217007266386	0.00204326564454867	16	2	0.184492144838191	0.209292728242669
ASV75	Filtered	yes	-0.0206329876079268	0.0148508895475235	16	3	0.186430764750042	0.210548525200964
ASV170	Filtered	yes	-0.0265764980578217	0.019143326285062	16	5	0.186744255236133	0.210548525200964
ASV361	Filtered	yes	-0.00814647878442112	0.00586212088779849	16	2	0.186330359004399	0.210548525200964
ASV674	Filtered	yes	-0.00296806584050557	0.00213830030344755	16	2	0.18681617698467	0.210548525200964
ASV294	Filtered	yes	-0.0144202485316008	0.0104199535653624	16	2	0.188053807257464	0.211598755483195
ASV590	Filtered	yes	-0.0047720614037362	0.00345864236027	16	2	0.189302767559036	0.212442151952491
ASV1019	Filtered	yes	-0.00303953600310185	0.00220356892992812	16	2	0.189417352246658	0.212442151952491
ASV77	Filtered	yes	-0.00672188254994168	0.0048851307214572	16	2	0.190438695999779	0.213242035002989
ASV252	Filtered	yes	-0.0161380951666047	0.0117387889506552	16	2	0.19080880370737	0.213311295905493
ASV414	Filtered	yes	-0.0102617298257994	0.00748724532958858	16	2	0.192087282517403	0.214048952499264
ASV1108	Filtered	yes	-0.00196954511784849	0.00143699347239123	16	2	0.192075135529158	0.214048952499264
ASV276	Filtered	yes	-0.010909459011902	0.00801148043353288	16	2	0.194795567458206	0.216717898201091
ASV1040	Filtered	yes	-0.00214658736964597	0.00157776648075883	16	2	0.195167532083747	0.216783197755944
ASV525	Filtered	yes	-0.00479180034243155	0.00352985375378786	16	2	0.196100809600288	0.217470769620833
ASV465	Filtered	yes	-0.00652246384099526	0.00481650659702091	16	2	0.197131386304946	0.218263870916836
ASV373	Filtered	yes	-0.00745320999194715	0.00551184668272774	16	2	0.197746547562568	0.218595225101113
ASV236	Filtered	yes	-0.0112980719945585	0.00837266176679429	16	2	0.198627205217797	0.219218542281843
ASV104	Filtered	yes	-0.0200261911231687	0.0148614810665135	16	4	0.199215930450614	0.219518190878702
ASV298	Filtered	yes	-0.0138815521876139	0.0103119160333033	16	2	0.199642463812765	0.219638449854425
ASV348	Filtered	yes	-0.0078537803746112	0.00585477030292666	16	2	0.201135963514477	0.220930296431774
ASV24	Filtered	yes	-0.0635935985355903	0.0474549541648411	16	6	0.201563336771041	0.220988904628025
ASV200	Filtered	yes	-0.0192462178846017	0.0143709034675996	16	2	0.201828016943514	0.220988904628025
ASV192	Filtered	yes	-0.0128743568398084	0.00966559242694538	16	2	0.204146177805468	0.223174020602502
ASV283	Filtered	yes	-0.00992330215718579	0.00751437909524417	16	2	0.207824945273148	0.22683732197006
ASV389	Filtered	yes	-0.006921014893738	0.00525958362340412	16	2	0.209352986955047	0.228145302319516
ASV750	Filtered	yes	-0.00349784945610881	0.00266522783260788	16	2	0.21049452415742	0.229028633202727
ASV658	Filtered	yes	-0.00581386082489066	0.00446781244688125	16	2	0.214172220926085	0.232664327913424
ASV8	Filtered	yes	0.0793673913262286	0.0614286987697724	16	12	0.217269869674033	0.23565948246776
ASV661	Filtered	yes	-0.0038642295125785	0.00301522052175607	16	2	0.220811490201396	0.239126058246269
ASV216	Filtered	yes	-0.0116791543194176	0.00912862253462583	16	2	0.221554358032551	0.239555649622696
ASV12	Filtered	yes	0.0869605078072489	0.0683822908055154	16	14	0.224206356305742	0.242044927556277
ASV302	Filtered	yes	-0.00903368544012584	0.00717348219270105	16	2	0.228507707393987	0.246304257814079
ASV893	Filtered	yes	-0.00377295886373554	0.00302321390832032	16	2	0.232502675506621	0.250220608787841
ASV500	Filtered	yes	-0.00751013359522669	0.00605535695012905	16	3	0.235269085486703	0.252804669498134
ASV438	Filtered	yes	-0.00892677124530866	0.00737386630589261	16	2	0.246092326272921	0.264024635319165
ASV221	Filtered	yes	-0.0156701689809303	0.0131145378615996	16	2	0.251987866925557	0.269931275406325
ASV410	Filtered	yes	-0.00614339039307932	0.00514732151201554	16	2	0.25250206984274	0.270064037606145
ASV462	Filtered	yes	-0.00594073264829722	0.00499835999970492	16	2	0.254393031217596	0.271666632102741
ASV6	Filtered	yes	0.087572785527652	0.0738651622247996	16	16	0.255523149529283	0.272453034629066
ASV233	Filtered	yes	0.00845909213145097	0.00720312571831204	16	3	0.259838951644	0.276628545442535
ASV599	Filtered	yes	-0.00592035532534642	0.00506903559243733	16	2	0.262334833111246	0.278856688960034
ASV670	Filtered	yes	-0.00452880200322008	0.00392299811193029	16	2	0.267652394980525	0.284072787310619
ASV560	Filtered	yes	-0.00462728322180657	0.00402049765123815	16	2	0.269042431478555	0.285110815594426
ASV67	Filtered	yes	-0.0197840051867501	0.0172266947753577	16	10	0.270027530023483	0.28571720302179
ASV178	Filtered	yes	-0.0117272104438723	0.0103822493416714	16	2	0.277650838297833	0.293334931453588
ASV80	Filtered	yes	0.0237604840770851	0.0214009405469394	16	4	0.285595460317116	0.301268381919885
ASV328	Filtered	yes	-0.010571695446581	0.00959131847099676	16	2	0.288956311929707	0.304349722763101
ASV10	Filtered	yes	-0.0531283470009015	0.0516415026069698	16	16	0.32102494100661	0.33761285589145
ASV248	Filtered	yes	-0.00780936172089814	0.00774730241038666	16	5	0.330554755198848	0.34710757298574
ASV23	Filtered	yes	0.0321285650812646	0.0322027104765023	16	3	0.33535880198048	0.351618622682564
ASV100	Filtered	yes	-0.0174381054425516	0.0179375660386018	16	6	0.347471073325194	0.363766993556784
ASV42	Filtered	yes	-0.022846473437275	0.0239470078980277	16	7	0.356245496357769	0.372389552083952
ASV13	Filtered	yes	-0.00616245066235481	0.00649470606648113	16	13	0.358793378534376	0.374487206554733
ASV115	Filtered	yes	-0.0132672823566075	0.014177547565771	16	7	0.36524087911123	0.380642602929173
ASV155	Filtered	yes	-0.0204850873968267	0.022776683285585	16	2	0.383654761029896	0.398952313763508
ASV1301	Filtered	yes	-0.00112437335728688	0.00125098589174914	16	3	0.383962775963145	0.398952313763508
ASV39	Filtered	yes	0.0213477315605368	0.0243734732482539	16	3	0.3958858706794	0.410724171679378
ASV848	Filtered	yes	-0.00188602291612176	0.00217142953806691	16	3	0.399731332463791	0.414092937222969
ASV344	Filtered	yes	-0.00581747170199082	0.00676667930389488	16	4	0.404423346729869	0.418327288396218
ASV11	Filtered	yes	-0.00347361583774113	0.00438158758879878	16	9	0.441137015895864	0.455622111940206
ASV26	Filtered	yes	-0.0230927949875995	0.0324584145872437	16	6	0.488486406674124	0.503774356808485
ASV35	Filtered	yes	0.0171341155593372	0.0259419482479082	16	5	0.519666727721804	0.535132999380191
ASV33	Filtered	yes	0.0166481426497653	0.0269102972787379	16	7	0.54607961293724	0.560663341472656
ASV51	Filtered	yes	0.00154081013580454	0.00248642334685275	16	5	0.545416461658338	0.560663341472656
ASV592	Filtered	yes	-0.00250581206866958	0.00422919027690155	16	3	0.562961473623488	0.57713976258882
ASV27	Filtered	yes	0.0177954678601403	0.0306197219054444	16	8	0.570360310036396	0.58385996234495
ASV68	Filtered	yes	0.00920544820548515	0.0178322303398239	16	4	0.613753738761991	0.627352418350514
ASV948	Filtered	yes	0.000937642440915797	0.00204728536767879	16	7	0.653985332309348	0.66748945421544
ASV76	Filtered	yes	-0.00579128423293501	0.0138561247835851	16	7	0.682317328801342	0.694358222839013
ASV1200	Filtered	yes	-0.000530419301853408	0.00126612368475105	16	2	0.681622430352637	0.694358222839013
ASV28	Filtered	yes	0.0112271384018242	0.0290747342284929	16	7	0.705192171909962	0.716582941206598
ASV139	Filtered	yes	0.00422562352461622	0.0114994628045323	16	3	0.718769353342202	0.729308493420533
ASV227	Filtered	yes	0.00306405324094728	0.00867593428684516	16	4	0.729224465036414	0.738833572189164
ASV1388	Filtered	yes	0.000533778426353379	0.00155168787263588	16	2	0.735959405425956	0.744567117770119
ASV19	Filtered	yes	-0.0105456594949153	0.032136601945268	16	9	0.747653767878033	0.755294025359998
ASV17	Filtered	yes	-0.00107212498964477	0.00340843221532871	16	5	0.757741609356162	0.764369086989015
ASV678	Filtered	yes	0.000791185203295641	0.00307563208587376	16	9	0.800733390885525	0.806561144822101
ASV935	Filtered	yes	0.000387275213996478	0.00310747672093131	16	7	0.902590710621039	0.907838331031626
ASV145	Filtered	yes	-0.00131764813815127	0.0112072374752057	16	6	0.908077547608648	0.9120314411396
ASV81	Filtered	yes	-0.00175974939469825	0.0153224989651456	16	6	0.91019698453449	0.912835236663576
ASV550	Filtered	yes	0.000278251650682432	0.00371138452018009	16	3	0.941297382100581	0.942659606966139
ASV22	Filtered	yes	-7.63035031201968e-05	0.00333131940997391	16	9	0.982049403914951	0.982049403914951
