Variant	Sample01	Sample02	Sample03	Sample04	Sample05	Sample06	Sample07	Sample08	Sample09	Sample10	Sample11	Sample12	Sample13	Sample14	Sample15	Sample16	Sample17
ASV3	42564	52547	104	171	32730	43817	114	122	26078	26264	112	132	11401	29076	198	132	136
ASV5	57	24513	633	959	12755	31347	78	58	50	68	38	51	48	42	45	33	33
ASV6	9	14	27	31	14241	36164	138	2474	18	27	20	14	14	23	22	18	24
ASV7	25	27	19	16	23	21	25	7	16	13	19088	18451	15	13	1613	18	28
ASV8	0	22715	125	150	677	11058	69	53	31	0	24	0	0	30	58	37	25
ASV9	27	17	89	53	24	21	19	14	26	12	11699	12221	25	27	4319	3741	40
ASV10	18	9907	2693	2476	2422	15	2712	3956	15	13	23	30	9	13	64	19	17
ASV11	0	16	18	10	9	0	0	0	7	11	8	0	0	0	15	7	21352
ASV12	18475	7	20	0	90	1614	23	27	7	9	9	14	7	16	10	0	17
ASV13	24	21	0	0	19	13	28	16	12	10	18	38	0	12	71	45	12648
ASV14	5	11	32	38	9	14	9	8	16	19	432	69	5	9	5952	4760	8
ASV15	3	8	906	882	783	0	4873	2734	3	4	20	10	4	3	276	139	0
ASV16	7	808	595	1006	3158	4	1067	646	7	10	215	330	9	5	1165	1031	22
ASV17	0	5	0	11	0	5	0	0	5	0	0	0	0	0	0	10	9563
ASV18	0	5	4349	5129	0	5	0	5	7	2	6	3	0	4	0	0	0
ASV19	9	0	185	125	0	7409	448	1102	0	0	0	0	0	4	30	9	12
ASV20	0	6	4	7	4	12	9	15	11	0	3894	566	3	0	3423	1229	0
ASV22	5	5	6	0	0	3	2	0	0	3	0	8	0	8	0	8	7950
ASV23	0	0	0	0	7812	0	0	40	0	0	0	0	0	10	0	0	0
ASV24	0	3	0	0	5	0	0	4	0	2	6485	918	0	0	0	0	5
ASV25	0	16	1685	1936	0	0	460	658	15	0	30	46	0	0	131	81	2228
ASV26	0	0	54	51	4802	0	1080	225	0	0	0	999	0	0	0	0	21
ASV27	5	3	13	11	6859	0	199	68	0	0	2	0	0	0	0	0	4
ASV28	0	12	34	0	5517	17	686	321	0	18	0	0	0	0	0	0	31
ASV29	4	3	562	570	0	3	538	1042	0	0	260	191	2	0	429	142	2416
ASV30	0	5	286	328	5	0	1310	4178	5	4	6	0	0	0	9	0	0
ASV31	2	0	458	330	996	0	1943	2171	0	5	4	8	3	0	39	24	0
ASV32	0	0	175	206	0	0	2967	2356	0	0	0	0	0	0	0	0	0
ASV33	0	0	0	3	5308	0	27	174	0	0	3	0	0	2	5	0	0
ASV35	0	0	0	0	4741	5	308	47	0	0	0	0	0	4	0	0	0
ASV36	5	0	0	12	0	0	7	3	5	0	725	1265	2	0	1540	890	621
ASV37	0	0	259	185	0	0	1394	3056	0	0	0	0	0	0	106	0	0
ASV38	0	0	201	205	184	5	1219	2818	0	0	2	3	0	0	0	0	0
ASV39	0	0	0	0	4414	6	0	85	0	0	0	0	0	0	0	0	0
ASV40	0	0	0	0	0	0	0	0	0	0	0	0	0	0	0	0	4458
ASV42	15	0	416	470	2585	0	379	278	0	0	28	0	0	0	0	0	30
ASV43	3	0	2	3	0	0	86	0	0	0	3	0	0	0	3	0	4026
ASV44	3	4	379	1309	29	0	2006	375	0	0	0	2	0	0	0	0	0
ASV45	0	0	1404	1252	0	3	115	1269	0	0	0	2	0	0	0	0	0
ASV46	0	4	402	330	879	0	725	1025	0	0	52	38	0	0	276	129	0
ASV47	0	0	228	190	0	0	298	392	0	8	1204	215	6	0	727	469	0
ASV48	0	0	0	0	0	0	476	169	0	0	0	10	0	0	0	0	3079
ASV49	0	0	716	783	0	0	903	1289	0	0	0	6	0	0	0	0	2
ASV50	0	16	130	121	0	0	0	0	0	12	188	182	0	0	897	2116	0
ASV51	4	0	3	0	3	0	6	0	0	0	0	0	3	0	0	0	3595
ASV52	4	0	0	9	0	3	159	297	4	0	37	51	0	0	85	102	2832
ASV54	2	4	1227	1434	0	0	343	80	0	0	0	2	0	0	0	0	238
ASV55	0	8	0	7	9	0	13	18	0	0	0	764	0	0	1566	888	8
ASV56	0	0	255	242	0	0	1763	569	0	0	0	0	0	0	0	0	393
ASV57	0	0	0	11	0	0	0	0	0	0	0	0	0	0	0	0	3193
ASV58	0	0	1324	1805	0	0	24	30	0	0	0	0	0	0	4	0	0
ASV59	0	0	218	90	0	0	1066	429	0	0	0	0	0	0	6	0	1307
ASV60	0	0	1122	125	0	0	805	780	0	0	4	0	3	0	0	0	48
ASV62	0	0	124	134	0	0	1110	1261	0	0	0	0	0	0	138	23	0
ASV63	0	0	114	114	1273	0	662	533	0	0	0	12	0	0	20	22	0
ASV64	0	0	449	543	0	0	738	711	0	0	11	14	0	0	32	80	0
ASV65	3	0	8	6	0	0	1349	1194	0	0	0	0	0	0	0	0	0
ASV66	0	0	284	276	0	0	203	165	3	0	0	0	2	0	1237	233	45
ASV67	5	4	0	21	0	3	0	51	0	2	0	3	7	0	8	545	1701
ASV68	0	0	0	73	2218	0	0	21	0	0	3	0	0	0	0	0	7
ASV69	0	0	12	17	0	0	1612	670	0	0	0	0	0	3	6	0	0
ASV70	0	0	710	448	0	0	593	416	0	0	70	7	0	0	46	12	0
ASV71	0	0	0	0	0	0	0	0	7	8	462	269	3	0	790	759	0
ASV72	0	4	83	41	0	8	15	0	0	6	13	30	0	0	1241	853	0
ASV73	0	0	55	40	0	0	1009	1130	0	0	0	4	0	0	23	8	0
ASV74	0	0	426	385	0	0	1098	284	0	0	0	0	0	0	0	0	57
ASV75	0	0	0	0	0	0	925	537	4	0	0	0	0	0	0	0	780
ASV76	0	0	115	208	168	794	116	22	0	0	0	0	0	4	0	0	744
ASV77	0	0	0	0	0	0	0	24	0	0	0	0	0	0	0	39	2083
ASV78	0	0	255	221	0	0	399	973	9	0	29	35	5	0	80	119	0
ASV79	0	0	229	186	0	4	311	1056	0	0	0	0	0	0	216	117	0
ASV80	1849	0	0	0	0	191	5	14	0	0	0	0	0	0	0	0	0
ASV81	0	0	0	0	687	881	147	175	0	0	0	0	0	0	108	29	0
ASV82	0	0	136	187	0	0	793	868	0	0	0	0	0	0	24	0	0
ASV83	0	0	0	0	0	0	511	1327	0	0	0	0	0	0	69	71	0
ASV84	2	0	4	3	4	0	30	7	0	0	71	288	3	0	709	834	0
ASV85	0	0	83	111	0	0	144	220	0	0	0	13	0	0	90	58	1233
ASV86	0	0	24	49	0	0	544	1187	0	0	12	10	0	0	52	29	0
ASV87	0	0	185	188	3	2	579	182	0	4	11	7	0	0	121	32	526
ASV88	0	0	380	136	0	0	617	663	0	0	0	0	0	0	0	0	13
ASV89	0	0	118	155	0	0	522	1008	0	0	0	0	0	0	0	0	0
ASV90	0	0	370	317	0	0	534	554	0	0	0	3	0	0	9	0	14
ASV91	0	0	83	62	0	0	124	84	0	0	0	0	0	0	0	0	1412
ASV92	4	0	2	356	0	0	562	809	0	0	0	0	0	0	0	0	0
ASV93	0	0	0	0	0	1707	0	0	0	0	0	0	0	0	0	0	0
ASV94	0	0	90	51	9	8	15	0	9	0	0	0	6	0	717	783	9
ASV95	0	0	6	0	0	0	0	0	0	0	0	0	0	0	0	0	1691
ASV96	0	0	228	279	0	0	114	111	0	0	0	0	0	0	0	0	956
ASV97	0	0	506	1048	0	0	66	42	0	0	0	0	0	0	0	0	0
ASV98	0	0	30	47	0	0	132	92	0	0	0	5	0	0	16	5	1314
ASV99	0	0	104	0	0	0	968	513	0	0	0	0	0	0	0	0	0
ASV100	0	0	617	130	791	0	0	0	0	0	0	8	0	0	10	6	0
ASV101	0	0	116	117	0	0	715	479	0	0	6	0	0	0	77	25	0
ASV102	0	0	191	135	0	0	723	472	0	0	0	0	0	0	0	0	0
ASV103	0	0	52	73	0	0	347	1013	0	0	0	0	0	0	0	15	0
ASV104	0	5	0	0	0	0	852	627	4	0	0	0	0	0	0	0	0
ASV105	0	0	259	0	0	0	759	465	0	0	0	0	0	0	0	0	0
ASV106	0	0	9	7	0	0	100	546	0	0	77	89	0	0	484	158	0
ASV107	0	0	50	61	0	0	601	666	0	0	0	0	0	0	31	24	0
ASV108	0	0	0	0	0	0	20	25	0	0	90	144	0	0	129	1020	0
ASV110	0	11	84	69	0	0	391	854	0	0	0	0	0	0	16	0	0
ASV111	0	0	54	81	0	0	618	572	0	0	0	0	0	0	76	20	0
ASV112	0	0	0	0	0	0	31	11	0	0	0	0	0	0	0	0	1357
ASV113	4	0	170	116	0	0	319	684	0	0	0	0	0	0	89	14	0
ASV114	0	0	6	0	0	0	105	1283	0	0	0	0	0	0	0	0	0
ASV115	0	0	81	261	148	726	0	0	0	0	13	16	0	0	121	0	0
ASV116	0	0	3	0	0	0	28	14	0	0	3	0	0	0	0	0	1315
ASV117	0	5	29	31	0	0	225	315	0	5	0	0	0	0	374	332	0
ASV119	0	0	97	127	4	0	369	322	0	0	0	0	0	0	178	136	74
ASV120	0	0	0	0	0	0	0	0	0	0	1112	59	0	0	83	22	0
ASV121	0	0	0	0	0	2	641	609	0	0	0	0	0	0	0	0	2
ASV122	0	0	14	16	0	0	524	655	0	0	0	0	0	0	3	0	3
ASV123	0	0	139	55	0	0	525	468	0	0	0	0	0	0	0	0	0
ASV124	0	0	10	0	0	0	0	0	0	0	545	565	0	0	41	0	0
ASV125	0	0	122	160	0	0	112	115	0	0	0	0	0	0	0	0	626
ASV126	0	0	0	0	0	0	347	661	0	0	0	0	0	0	99	17	0
ASV127	0	0	28	0	0	0	46	0	0	0	0	0	0	0	0	0	1018
ASV128	0	0	56	45	0	0	593	388	0	0	0	0	0	0	8	0	0
ASV130	0	0	171	584	0	0	0	294	0	0	0	0	0	0	0	0	0
ASV131	0	0	62	45	0	0	339	590	0	0	0	0	0	0	0	0	0
ASV132	0	0	0	0	1030	0	0	0	0	0	0	0	0	0	0	0	0
ASV133	0	0	43	37	0	0	58	0	0	0	0	0	0	0	0	0	884
ASV135	0	0	31	48	0	0	291	628	0	0	0	0	0	0	0	0	0
ASV136	0	0	0	0	0	0	32	0	0	2	0	5	0	0	724	234	0
ASV137	0	0	31	33	533	0	0	0	0	0	53	77	4	0	160	105	0
ASV138	0	0	0	2	0	2	5	5	0	0	0	3	0	0	447	526	0
ASV139	0	0	0	0	866	0	80	44	0	0	0	0	0	0	0	0	0
ASV140	0	0	731	236	0	0	0	0	0	0	0	0	0	0	0	0	0
ASV141	0	0	241	225	0	0	72	111	0	0	0	0	16	0	24	0	268
ASV142	0	0	0	0	0	0	0	0	0	0	0	2	0	0	9	0	943
ASV143	0	0	0	0	0	0	0	0	0	0	0	0	0	0	0	0	950
ASV144	0	0	11	2	0	0	0	0	0	0	3	148	0	2	662	121	0
ASV145	0	739	25	33	0	0	53	79	0	0	0	0	0	5	0	0	0
ASV146	0	0	10	22	165	0	354	373	0	0	0	0	0	0	4	0	3
ASV147	0	0	85	75	0	0	281	437	0	0	0	0	0	0	17	11	0
ASV149	0	0	9	42	3	5	539	287	0	0	6	0	0	0	0	4	7
ASV150	0	0	0	0	902	0	0	0	0	0	0	0	0	0	0	0	0
ASV151	0	0	71	101	0	0	389	340	0	0	0	0	0	0	0	0	0
ASV152	0	0	0	16	187	0	247	428	0	0	0	0	0	0	22	0	0
ASV153	0	0	108	111	0	0	201	478	0	0	0	0	0	0	0	0	0
ASV154	0	0	0	0	0	0	3	15	0	0	8	16	0	0	57	46	753
ASV155	0	0	0	0	0	0	0	0	0	0	0	0	0	9	0	874	0
ASV156	0	0	21	0	0	0	280	578	0	0	0	0	0	0	0	0	0
ASV157	0	0	57	63	0	0	528	171	0	0	0	0	0	0	37	9	0
ASV158	0	851	0	0	0	0	0	0	0	0	0	0	0	0	0	0	0
ASV159	0	0	0	0	0	0	3	0	0	0	0	0	0	0	2	0	846
ASV160	0	0	36	43	0	0	208	550	0	0	0	0	0	0	0	0	0
ASV161	0	0	4	0	0	0	248	575	0	0	0	0	0	0	0	0	0
ASV162	0	0	0	0	0	0	32	28	0	0	0	0	0	0	0	0	761
ASV164	0	0	249	452	0	0	62	38	0	0	0	0	0	0	0	0	0
ASV165	0	0	0	0	0	0	530	271	0	0	0	0	0	0	0	0	0
ASV166	0	0	315	220	0	0	108	129	0	0	6	0	0	0	0	0	0
ASV167	0	0	0	0	0	0	0	11	0	0	0	0	0	0	0	0	767
ASV168	0	0	19	39	0	0	342	364	0	0	0	0	0	0	0	0	0
ASV169	0	0	4	0	14	0	602	76	0	0	0	0	0	0	65	0	0
ASV170	0	0	0	0	4	4	0	0	0	0	27	82	0	0	0	644	0
ASV171	0	0	0	0	0	0	20	42	0	0	0	0	0	0	0	0	696
ASV172	0	0	0	12	0	0	0	0	0	0	0	0	0	0	577	161	0
ASV173	0	0	127	109	0	0	464	41	0	0	0	0	0	0	0	0	0
ASV174	0	0	77	313	0	0	139	206	0	0	0	0	0	0	0	0	0
ASV175	0	0	0	0	0	0	0	0	0	0	0	0	0	0	0	0	727
ASV176	0	0	383	250	0	0	0	16	0	0	10	24	0	0	0	23	0
ASV177	0	0	0	0	0	0	0	0	0	0	490	207	0	0	0	0	0
ASV178	0	0	0	0	0	0	0	687	0	0	0	4	0	0	0	0	0
ASV179	0	0	0	0	0	0	0	2	0	0	0	0	0	0	0	0	683
ASV180	0	0	0	25	0	0	306	352	0	0	0	0	0	0	0	0	0
ASV181	0	0	95	82	0	0	248	43	0	0	0	0	0	0	0	0	213
ASV182	0	4	48	43	5	0	36	48	0	0	0	0	0	0	447	45	0
ASV183	0	0	150	207	69	0	63	69	0	0	24	6	0	0	52	34	0
ASV184	0	0	68	57	0	0	231	240	0	0	0	0	0	0	52	23	0
ASV185	0	0	0	0	0	0	248	416	0	0	0	0	0	0	0	0	0
ASV186	0	203	110	77	0	0	130	138	0	0	0	0	0	0	0	0	0
ASV187	0	0	53	80	0	0	452	73	0	0	0	0	0	0	0	0	0
ASV188	0	0	21	27	0	0	284	299	0	0	0	0	0	0	26	0	0
ASV189	0	0	0	0	0	0	0	0	0	0	253	397	0	0	0	0	0
ASV190	0	0	0	0	0	0	0	0	0	0	0	0	0	0	0	0	649
ASV191	0	0	0	295	0	0	245	106	0	0	0	0	0	0	0	0	0
ASV192	0	0	0	0	0	0	61	572	0	0	0	0	0	0	0	0	0
ASV193	0	0	41	56	0	0	149	250	0	0	0	0	0	0	82	52	0
ASV194	0	0	0	12	0	0	37	43	0	0	100	19	0	0	24	17	377
ASV195	0	0	0	0	0	0	0	0	0	0	0	0	0	0	0	0	628
ASV196	0	0	144	366	0	0	48	38	0	0	5	0	0	0	13	8	0
ASV197	0	0	0	6	0	0	288	325	0	0	0	0	0	0	0	0	0
ASV198	0	0	0	0	0	0	0	0	0	0	12	16	0	0	26	9	555
ASV199	0	0	292	324	0	0	0	0	0	0	0	0	0	0	0	0	0
ASV200	0	0	543	72	0	0	0	0	0	0	0	0	0	0	0	0	0
ASV201	0	0	9	0	0	0	176	430	0	0	0	0	0	0	0	0	0
ASV202	0	0	0	0	0	0	0	0	0	0	0	0	0	0	0	0	611
ASV203	0	0	355	0	0	0	210	43	0	0	0	0	0	0	0	0	0
ASV204	0	604	0	0	0	0	0	0	0	0	0	0	0	0	0	0	0
ASV205	0	0	252	58	0	0	158	126	0	0	0	0	0	0	0	0	0
ASV207	0	0	0	0	0	0	121	469	0	0	0	0	0	0	0	0	0
ASV208	0	0	13	11	0	0	238	314	0	0	0	3	0	0	0	5	0
ASV209	0	0	300	270	0	0	13	0	0	0	0	0	0	0	0	0	0
ASV210	0	0	0	0	0	0	110	458	0	0	0	0	0	0	4	0	0
ASV211	0	0	0	0	0	0	0	0	0	0	0	0	0	0	0	0	571
ASV212	0	0	101	80	172	0	85	127	0	0	0	0	0	0	0	0	0
ASV214	0	0	0	0	0	0	0	0	0	0	0	0	0	0	0	0	563
ASV216	0	0	0	0	0	0	36	522	0	0	0	0	0	0	0	0	0
ASV217	0	121	0	0	38	128	0	0	70	113	0	0	0	77	0	0	0
ASV218	0	0	26	25	0	0	199	252	0	0	0	0	0	0	42	0	0
ASV219	0	0	0	0	0	0	87	234	0	0	0	0	0	0	0	0	211
ASV220	0	0	296	232	0	0	0	0	0	0	0	0	0	0	3	0	0
ASV221	0	0	0	493	0	0	0	37	0	0	0	0	0	0	0	0	0
ASV222	0	0	0	2	0	0	0	0	0	0	0	0	0	0	8	0	520
ASV223	0	0	0	0	0	0	0	0	0	0	0	0	0	0	0	0	524
ASV224	0	0	19	37	0	0	180	147	0	0	0	0	0	0	0	0	133
ASV225	0	0	229	227	0	0	26	25	0	0	0	0	0	0	0	0	0
ASV226	0	0	0	0	0	0	0	0	0	0	0	0	0	0	0	0	507
ASV227	0	382	34	32	55	0	0	0	0	0	0	0	0	0	0	0	0
ASV228	0	0	0	0	0	0	297	204	0	0	0	0	0	0	0	0	0
ASV230	0	0	0	0	0	0	0	0	0	0	0	0	0	0	0	0	493
ASV231	0	0	0	0	0	0	73	54	0	0	0	47	0	0	34	49	228
ASV232	0	0	21	8	55	0	303	95	0	0	0	0	0	0	0	0	0
ASV233	0	0	0	0	174	282	0	26	0	0	0	0	0	0	0	0	0
ASV234	0	0	0	0	0	0	478	0	0	0	0	0	0	0	0	0	0
ASV235	0	0	167	150	0	0	58	102	0	0	0	0	0	0	0	0	0
ASV236	0	0	0	0	0	0	52	425	0	0	0	0	0	0	0	0	0
ASV237	0	0	41	57	0	0	234	53	0	0	0	0	0	0	0	0	82
ASV238	0	0	0	12	0	0	0	0	0	0	54	398	0	0	0	0	0
ASV239	0	0	88	78	0	0	119	92	0	0	0	0	0	0	35	45	0
ASV240	0	0	0	0	0	0	329	126	0	0	0	0	0	0	0	0	0
ASV241	0	0	0	0	0	0	271	182	0	0	0	0	0	0	0	0	0
ASV242	0	0	55	66	0	0	102	183	0	0	0	0	0	0	29	12	0
ASV243	0	0	117	70	0	0	8	0	0	0	0	9	0	0	0	0	234
ASV244	0	0	0	0	0	0	125	313	0	0	0	0	0	0	0	0	0
ASV245	0	7	30	43	0	0	48	92	0	0	12	12	0	0	25	21	147
ASV246	0	0	117	114	0	0	135	71	0	0	0	0	0	0	0	0	0
ASV247	0	0	226	147	0	0	31	26	0	0	0	0	0	0	0	0	0
ASV248	0	0	32	55	243	0	56	37	0	0	0	0	0	0	0	0	0
ASV249	0	0	27	36	0	0	208	88	0	0	0	0	0	0	21	39	0
ASV250	0	0	0	3	0	0	261	153	0	0	0	0	0	0	0	0	0
ASV251	0	0	205	150	0	0	13	41	0	0	0	0	5	0	0	0	0
ASV252	0	0	0	0	0	0	0	0	0	0	69	340	0	0	0	0	0
ASV253	0	0	0	48	0	0	341	0	0	0	0	0	0	0	19	0	0
ASV254	0	0	51	56	0	0	99	169	0	0	0	0	0	0	31	0	0
ASV255	0	0	0	0	0	0	0	0	0	0	0	0	0	0	0	0	405
ASV257	0	0	144	35	0	0	77	145	0	0	0	0	0	0	0	0	0
ASV258	0	0	0	0	0	0	0	0	0	0	121	92	0	0	104	83	0
ASV259	0	0	91	0	0	0	82	118	0	0	0	7	0	0	0	26	74
ASV260	0	0	223	111	0	0	0	0	0	0	27	23	0	0	5	0	0
ASV261	0	0	8	7	0	0	0	0	0	0	0	0	0	0	0	0	374
ASV262	0	0	93	78	0	0	43	102	0	0	22	18	0	0	10	20	0
ASV263	0	0	11	10	0	0	104	251	0	0	0	0	0	0	0	0	8
ASV264	0	0	215	168	0	0	0	0	0	0	0	0	0	0	0	0	0
ASV265	0	0	0	8	0	0	19	356	0	0	0	0	0	0	0	0	0
ASV266	0	0	0	0	0	0	0	0	0	0	0	0	0	0	0	0	381
ASV267	0	0	40	23	0	0	77	227	0	0	0	0	0	0	9	0	0
ASV268	0	0	0	0	0	0	112	264	0	0	0	0	0	0	0	0	0
ASV269	0	0	0	0	0	0	0	0	0	0	0	0	0	0	0	0	374
ASV270	0	0	0	0	0	367	0	0	0	0	0	0	0	0	0	0	0
ASV271	0	0	0	0	0	0	0	0	0	0	0	0	0	0	0	0	366
ASV272	0	0	0	0	0	0	66	299	0	0	0	0	0	0	0	0	0
ASV273	0	0	0	0	0	0	151	212	0	0	0	0	0	0	0	0	0
ASV274	0	0	0	0	0	0	2	0	0	0	0	0	0	0	0	0	360
ASV275	0	0	54	38	0	0	181	0	0	0	0	0	0	0	0	0	85
ASV276	0	0	0	174	0	0	52	0	0	0	0	0	0	0	0	0	132
ASV277	0	0	92	24	0	0	92	147	0	0	0	0	0	0	0	0	0
ASV278	0	0	14	20	0	0	113	24	0	0	0	0	0	0	0	0	184
ASV280	0	0	0	41	0	0	205	68	0	0	0	0	0	0	0	0	39
ASV281	0	0	0	0	0	0	198	153	0	0	0	0	0	0	2	0	0
ASV282	0	0	31	48	0	0	246	0	0	0	0	0	0	0	0	0	24
ASV283	0	0	0	0	0	0	310	38	0	0	0	0	0	0	0	0	0
ASV284	0	0	13	302	0	0	18	14	0	0	0	0	0	0	0	0	0
ASV286	0	0	29	44	64	0	111	79	0	0	0	0	0	0	0	0	16
ASV287	0	0	0	0	0	0	154	189	0	0	0	0	0	0	0	0	0
ASV288	0	0	0	0	0	0	0	0	0	0	0	0	0	0	3	8	332
ASV289	0	0	0	0	0	0	0	341	0	0	0	0	0	0	0	0	0
ASV290	0	0	0	0	0	0	197	142	0	0	0	0	0	0	0	0	0
ASV291	0	0	24	19	0	0	22	45	0	0	0	0	0	2	166	59	0
ASV292	0	0	0	0	0	0	65	271	0	0	0	0	0	0	0	0	0
ASV293	0	0	177	145	0	0	12	0	0	0	0	0	0	0	0	0	0
ASV294	0	0	277	52	0	0	0	0	0	0	0	0	0	0	0	0	0
ASV296	0	0	7	7	0	0	33	0	0	0	0	0	0	0	0	0	277
ASV297	0	0	28	0	0	0	104	190	0	0	0	0	0	0	0	0	0
ASV298	0	0	279	39	0	0	0	0	0	0	0	0	0	0	0	0	0
ASV299	0	0	0	0	0	0	58	185	0	0	0	0	0	0	46	28	0
ASV300	0	0	0	0	0	0	0	0	0	0	0	0	0	0	0	0	312
ASV301	0	0	92	84	0	0	17	111	0	0	0	0	0	0	0	7	0
ASV302	0	0	0	0	0	0	289	21	0	0	0	0	0	0	0	0	0
ASV303	0	0	5	0	0	0	3	9	0	0	5	6	0	0	26	25	223
ASV304	0	0	0	0	0	0	0	0	0	0	0	0	0	0	0	0	295
ASV305	0	0	0	24	0	0	89	180	0	0	0	0	0	0	0	0	0
ASV306	0	0	17	0	0	0	0	0	0	0	0	0	0	0	30	16	226
ASV307	0	0	0	76	0	0	26	41	0	0	71	15	0	0	19	41	0
ASV308	0	0	0	19	0	0	81	156	0	0	0	0	0	0	20	13	0
ASV309	0	0	0	0	0	0	231	56	0	0	0	0	0	0	0	0	0
ASV310	0	0	15	17	0	0	129	26	0	0	0	0	0	0	0	0	99
ASV311	0	0	10	0	0	0	120	154	0	0	0	0	0	0	0	0	0
ASV312	0	0	43	63	0	0	96	79	0	0	0	0	0	0	0	0	0
ASV313	0	0	280	0	0	0	0	0	0	0	0	0	0	0	0	0	0
ASV314	0	0	0	24	0	0	158	98	0	0	0	0	0	0	0	0	0
ASV315	0	0	0	0	0	0	161	100	0	0	0	0	0	0	16	3	0
ASV316	0	0	0	0	0	0	93	187	0	0	0	0	0	0	0	0	0
ASV317	0	0	0	7	0	0	84	44	0	0	0	0	0	0	0	0	144
ASV318	0	0	237	32	0	0	6	2	0	0	0	0	0	0	0	0	0
ASV319	0	0	0	0	0	0	118	156	0	0	0	0	0	0	0	0	0
ASV320	0	0	0	35	0	0	98	109	0	0	0	0	0	0	0	0	29
ASV321	0	0	0	0	0	0	0	0	0	0	0	0	0	0	0	0	271
ASV322	0	0	15	60	0	0	93	102	0	0	0	0	0	0	0	0	0
ASV323	0	0	0	0	0	0	0	0	0	0	0	0	0	0	0	0	270
ASV324	0	0	60	31	0	0	68	97	0	0	0	0	0	0	0	13	0
ASV325	0	0	0	0	0	0	0	0	0	0	267	0	0	0	0	0	0
ASV326	0	0	106	0	0	0	79	78	0	0	0	0	0	0	0	0	0
ASV327	0	0	0	0	0	0	197	66	0	0	0	0	0	0	0	0	0
ASV328	0	0	253	0	0	0	0	5	0	0	0	0	0	0	0	0	0
ASV329	0	0	0	0	0	0	0	0	0	0	0	0	0	0	0	0	258
ASV330	0	0	0	0	0	0	132	125	0	0	0	0	0	0	0	0	0
ASV331	0	0	0	0	0	0	0	0	0	0	0	0	0	0	0	0	256
ASV332	0	0	0	0	0	0	88	165	0	0	0	0	0	0	0	0	0
ASV333	0	0	0	0	0	0	95	116	0	0	0	0	0	0	42	0	0
ASV334	0	0	19	25	0	0	83	123	0	0	0	0	0	0	0	0	0
ASV335	0	0	0	0	0	0	100	149	0	0	0	0	0	0	0	0	0
ASV336	0	0	0	0	0	0	42	207	0	0	0	0	0	0	0	0	0
ASV337	0	0	0	104	0	0	89	52	0	0	0	0	0	0	0	0	0
ASV338	0	0	148	78	0	0	13	5	0	0	0	0	0	0	0	0	0
ASV339	0	0	0	0	0	0	0	0	0	0	0	0	0	0	0	0	244
ASV340	0	0	0	0	0	0	0	0	0	0	0	0	0	0	0	0	243
ASV341	0	0	0	8	0	0	72	95	0	0	0	0	0	0	46	21	0
ASV342	0	0	65	175	0	0	0	0	0	0	0	0	0	0	0	0	0
ASV343	0	0	0	0	0	0	0	0	0	0	0	0	0	0	0	2	238
ASV344	0	0	0	0	142	0	43	0	0	0	0	0	0	0	17	37	0
ASV345	0	0	0	0	0	0	0	0	0	0	0	0	0	0	0	0	239
ASV346	0	0	10	0	0	0	123	105	0	0	0	0	0	0	0	0	0
ASV347	0	0	56	0	0	0	95	85	0	0	0	0	0	0	0	0	0
ASV348	0	0	0	0	0	0	24	209	0	0	0	0	0	0	0	0	0
ASV349	0	0	0	0	0	0	10	42	0	0	0	0	0	0	0	0	181
ASV350	0	0	0	0	0	0	107	80	0	0	0	0	0	0	16	28	0
ASV351	0	0	0	0	0	0	153	74	0	0	0	0	0	0	0	0	0
ASV352	0	0	39	43	0	0	87	50	0	0	0	0	0	0	7	0	0
ASV353	0	0	69	157	0	0	0	0	0	0	0	0	0	0	0	0	0
ASV354	0	0	22	22	0	0	117	63	0	0	0	0	0	0	0	0	0
ASV356	0	0	13	0	0	0	113	51	0	0	0	0	0	0	0	0	46
ASV357	0	0	0	0	0	0	17	0	0	0	0	0	0	0	0	0	205
ASV358	0	0	0	129	0	0	6	86	0	0	0	0	0	0	0	0	0
ASV359	0	0	0	0	0	0	0	0	0	0	162	58	0	0	0	0	0
ASV360	0	0	0	116	0	0	8	95	0	0	0	0	0	0	0	0	0
ASV361	0	0	0	0	0	0	180	38	0	0	0	0	0	0	0	0	0
ASV362	0	0	37	44	0	0	55	81	0	0	0	0	0	0	0	0	0
ASV363	0	0	0	11	0	0	77	128	0	0	0	0	0	0	0	0	0
ASV365	0	0	12	14	0	0	88	99	0	0	0	0	0	0	0	0	0
ASV366	0	0	23	20	0	0	27	30	0	0	0	0	0	0	88	24	0
ASV367	0	0	88	123	0	0	0	0	0	0	0	0	0	0	0	0	0
ASV368	0	0	58	55	0	0	0	98	0	0	0	0	0	0	0	0	0
ASV369	0	0	0	0	0	0	67	142	0	0	0	0	0	0	0	0	0
ASV370	0	0	0	0	0	0	0	0	0	0	0	209	0	0	0	0	0
ASV371	0	0	49	47	0	0	76	0	0	0	0	0	0	0	0	0	36
ASV372	0	0	0	6	0	0	86	111	0	0	0	0	0	0	5	0	0
ASV373	0	0	0	0	0	0	23	184	0	0	0	0	0	0	0	0	0
ASV375	0	0	0	0	0	0	205	0	0	0	0	0	0	0	0	0	0
ASV376	0	0	0	0	0	0	77	102	0	0	0	0	0	0	0	25	0
ASV377	0	0	32	13	0	0	41	117	0	0	0	0	0	0	0	0	0
ASV378	0	0	32	44	0	0	38	64	0	0	17	8	0	0	0	0	0
ASV379	0	0	200	0	0	0	0	0	0	0	0	0	0	0	0	0	0
ASV380	0	0	0	0	0	0	89	111	0	0	0	0	0	0	0	0	0
ASV381	0	0	0	0	0	0	0	0	0	0	0	0	0	0	0	0	200
ASV382	0	0	0	7	0	0	39	29	0	0	4	0	0	0	8	12	97
ASV383	0	0	0	0	0	0	0	0	0	0	0	0	0	0	0	0	194
ASV384	0	0	14	14	0	0	97	67	0	0	0	0	0	0	0	0	0
ASV385	0	0	0	19	0	0	78	95	0	0	0	0	0	0	0	0	0
ASV386	0	0	32	0	0	0	98	61	0	0	0	0	0	0	0	0	0
ASV387	0	0	12	21	0	0	70	77	0	0	0	0	0	0	11	0	0
ASV388	0	0	0	118	0	0	35	34	0	0	0	0	0	0	0	0	0
ASV389	0	0	0	0	0	0	16	171	0	0	0	0	0	0	0	0	0
ASV390	0	0	0	0	0	0	0	0	0	0	0	13	0	0	14	12	148
ASV391	0	0	17	22	0	0	61	86	0	0	0	0	0	0	0	0	0
ASV392	0	0	0	0	0	0	0	0	0	0	0	0	0	0	0	0	185
ASV393	0	0	0	80	0	0	67	22	0	0	0	0	0	0	0	13	0
ASV394	0	0	0	0	0	0	61	65	0	0	0	0	0	0	49	7	0
ASV395	0	0	56	0	0	0	81	43	0	0	0	0	0	0	0	0	0
ASV396	0	0	9	18	0	0	79	74	0	0	0	0	0	0	0	0	0
ASV397	0	0	57	40	0	0	0	0	0	0	66	16	0	0	0	0	0
ASV398	0	0	51	49	0	0	22	25	0	0	27	0	0	0	5	0	0
ASV399	0	0	0	0	0	0	0	0	0	0	0	0	0	0	0	0	179
ASV400	0	0	0	0	0	0	68	110	0	0	0	0	0	0	0	0	0
ASV402	0	0	0	23	0	0	70	84	0	0	0	0	0	0	0	0	0
ASV403	0	0	0	0	0	0	0	0	0	0	108	69	0	0	0	0	0
ASV404	0	0	30	84	0	0	0	62	0	0	0	0	0	0	0	0	0
ASV405	0	0	153	0	0	0	0	0	0	0	15	7	0	0	0	0	0
ASV406	0	0	41	74	0	0	27	33	0	0	0	0	0	0	0	0	0
ASV408	0	0	0	0	0	0	0	0	0	0	0	175	0	0	0	0	0
ASV409	0	0	0	0	0	0	149	10	0	0	0	0	0	0	15	0	0
ASV410	0	0	0	0	0	0	5	169	0	0	0	0	0	0	0	0	0
ASV411	0	0	119	54	0	0	0	0	0	0	0	0	0	0	0	0	0
ASV412	0	0	0	0	0	0	69	16	0	0	0	0	0	0	0	0	88
ASV413	0	0	0	0	0	0	0	0	0	0	0	0	0	0	0	0	172
ASV414	0	0	0	151	0	0	0	0	0	0	0	0	0	0	20	0	0
ASV415	0	0	0	0	0	0	0	171	0	0	0	0	0	0	0	0	0
ASV416	0	0	0	0	0	0	0	0	0	0	0	0	0	0	0	0	171
ASV417	0	0	61	0	0	0	69	40	0	0	0	0	0	0	0	0	0
ASV418	0	0	0	0	0	0	0	0	0	0	0	0	0	0	0	0	170
ASV419	0	0	74	95	0	0	0	0	0	0	0	0	0	0	0	0	0
ASV420	0	0	63	106	0	0	0	0	0	0	0	0	0	0	0	0	0
ASV421	0	0	24	13	0	0	53	70	0	0	0	0	0	0	9	0	0
ASV422	0	0	0	0	0	0	70	99	0	0	0	0	0	0	0	0	0
ASV423	0	0	0	0	0	0	82	87	0	0	0	0	0	0	0	0	0
ASV424	0	0	41	33	0	0	37	52	0	0	0	0	0	0	5	0	0
ASV425	0	0	0	4	0	0	65	99	0	0	0	0	0	0	0	0	0
ASV426	0	0	0	0	0	0	0	0	0	0	0	0	0	0	0	0	168
ASV427	0	0	0	0	0	0	167	0	0	0	0	0	0	0	0	0	0
ASV428	0	0	0	0	0	0	0	0	0	0	0	167	0	0	0	0	0
ASV429	0	0	95	71	0	0	0	0	0	0	0	0	0	0	0	0	0
ASV430	0	0	0	0	0	0	0	0	0	0	67	99	0	0	0	0	0
ASV432	0	0	14	12	0	0	83	48	0	0	8	0	0	0	0	0	0
ASV433	0	0	0	17	0	0	34	113	0	0	0	0	0	0	0	0	0
ASV434	0	0	48	115	0	0	0	0	0	0	0	0	0	0	0	0	0
ASV435	0	0	5	9	0	0	129	20	0	0	0	0	0	0	0	0	0
ASV436	0	0	17	10	0	0	46	90	0	0	0	0	0	0	0	0	0
ASV437	0	0	0	0	0	0	0	0	0	0	0	0	0	0	0	0	163
ASV438	0	0	6	156	0	0	0	0	0	0	0	0	0	0	0	0	0
ASV439	0	0	52	97	0	0	5	7	0	0	0	0	0	0	0	0	0
ASV441	0	0	0	0	0	0	122	39	0	0	0	0	0	0	0	0	0
ASV442	0	0	0	0	0	0	0	0	0	0	0	0	0	0	0	0	161
ASV443	0	0	3	0	0	0	152	5	0	0	0	0	0	0	0	0	0
ASV444	0	0	0	0	0	0	0	0	0	0	52	22	0	0	0	85	0
ASV445	0	0	22	10	0	0	39	86	0	0	0	0	0	0	0	0	0
ASV446	0	0	0	0	0	0	14	80	0	0	0	0	0	0	37	26	0
ASV447	0	0	0	0	0	0	0	0	0	0	0	0	0	0	0	0	157
ASV448	0	0	21	20	0	0	40	75	0	0	0	0	0	0	0	0	0
ASV449	0	0	0	0	0	0	37	118	0	0	0	0	0	0	0	0	0
ASV450	0	0	0	77	0	0	29	17	0	0	0	0	0	0	17	14	0
ASV451	0	0	0	0	0	0	38	31	0	0	0	0	0	0	0	0	85
ASV452	0	0	0	0	0	0	99	54	0	0	0	0	0	0	0	0	0
ASV453	0	0	0	0	0	0	24	129	0	0	0	0	0	0	0	0	0
ASV454	0	0	0	0	0	0	0	0	0	0	0	0	0	0	0	152	0
ASV455	0	0	27	0	0	0	56	68	0	0	0	0	0	0	0	0	0
ASV456	0	0	0	0	0	0	84	66	0	0	0	0	0	0	0	0	0
ASV458	0	0	20	12	0	0	21	0	0	0	0	0	0	0	65	31	0
ASV459	0	0	15	16	0	0	14	12	0	0	0	0	0	0	72	20	0
ASV460	0	0	0	0	0	0	7	0	0	0	0	0	0	0	11	0	131
ASV461	0	0	0	0	0	0	127	14	0	0	0	0	0	0	7	0	0
ASV462	0	0	0	0	0	0	142	5	0	0	0	0	0	0	0	0	0
ASV463	0	0	0	0	0	0	40	40	0	0	0	0	0	0	30	36	0
ASV464	0	0	12	25	0	0	65	16	0	0	0	0	0	0	22	5	0
ASV465	0	0	0	0	0	0	125	20	0	0	0	0	0	0	0	0	0
ASV466	0	0	0	12	0	0	62	29	0	0	0	0	0	0	25	15	0
ASV467	0	0	113	29	0	0	0	0	0	0	0	0	0	0	0	0	0
ASV468	0	0	0	0	0	0	0	142	0	0	0	0	0	0	0	0	0
ASV470	0	0	0	0	0	0	141	0	0	0	0	0	0	0	0	0	0
ASV471	0	0	0	0	0	0	141	0	0	0	0	0	0	0	0	0	0
ASV473	0	0	0	0	0	0	77	53	0	0	0	0	0	0	10	0	0
ASV474	0	0	0	0	0	0	0	0	0	0	0	0	0	0	0	0	139
ASV475	0	0	32	32	0	0	0	74	0	0	0	0	0	0	0	0	0
ASV476	0	0	0	0	0	0	102	18	0	0	0	0	0	0	18	0	0
ASV477	0	0	0	0	0	0	0	0	0	0	0	0	0	0	0	0	138
ASV478	0	61	0	0	36	39	0	0	0	0	0	0	0	0	0	0	0
ASV479	0	0	26	53	0	0	0	49	0	0	0	0	0	0	0	8	0
ASV480	0	0	0	0	0	0	51	85	0	0	0	0	0	0	0	0	0
ASV483	0	0	135	0	0	0	0	0	0	0	0	0	0	0	0	0	0
ASV484	0	0	0	0	0	0	45	17	0	0	0	0	0	0	0	0	73
ASV485	0	0	0	0	0	0	47	88	0	0	0	0	0	0	0	0	0
ASV486	0	0	68	54	0	0	11	0	0	0	0	0	0	0	0	0	0
ASV487	0	0	0	0	0	0	0	4	0	0	0	0	0	0	56	73	0
ASV488	0	0	0	0	0	0	0	0	0	0	0	0	0	0	0	0	133
ASV489	0	0	20	0	0	0	74	38	0	0	0	0	0	0	0	0	0
ASV490	0	0	28	0	0	0	72	32	0	0	0	0	0	0	0	0	0
ASV491	0	0	14	34	0	0	40	42	0	0	0	0	0	0	0	0	0
ASV493	0	0	0	0	0	0	0	0	0	0	0	0	0	0	0	0	130
ASV494	0	0	0	0	0	0	0	0	0	0	0	0	0	0	0	0	130
ASV495	0	0	0	0	0	0	68	41	0	0	0	0	0	0	20	0	0
ASV498	0	0	0	0	0	0	44	74	0	0	0	0	0	0	0	6	3
ASV499	0	0	0	0	0	0	0	0	0	0	0	0	0	0	0	0	127
ASV500	0	15	62	49	0	0	0	0	0	0	0	0	0	0	0	0	0
ASV501	0	0	0	0	0	0	46	80	0	0	0	0	0	0	0	0	0
ASV502	0	0	67	7	0	0	6	45	0	0	0	0	0	0	0	0	0
ASV503	0	0	31	0	0	0	44	46	0	0	0	0	0	0	0	0	4
ASV504	0	0	0	0	0	0	65	60	0	0	0	0	0	0	0	0	0
ASV505	0	0	9	0	0	0	60	54	0	0	0	0	0	0	0	0	0
ASV506	0	0	0	0	0	0	0	0	0	0	0	0	0	0	0	0	123
ASV507	0	0	0	15	0	0	22	26	0	0	0	0	0	0	0	0	59
ASV508	0	0	51	25	0	0	24	20	0	0	0	0	0	0	0	0	0
ASV510	0	0	0	0	0	0	0	0	0	0	0	0	0	0	0	0	120
ASV511	0	0	0	0	0	0	46	71	0	0	0	0	0	0	0	0	0
ASV512	0	0	0	0	0	0	0	0	0	0	0	0	0	0	0	0	117
ASV513	0	0	26	0	0	0	41	49	0	0	0	0	0	0	0	0	0
ASV514	0	0	0	0	0	0	116	0	0	0	0	0	0	0	0	0	0
ASV515	0	0	0	0	0	0	51	65	0	0	0	0	0	0	0	0	0
ASV516	0	0	0	0	0	0	5	0	0	0	0	0	0	0	0	0	111
ASV517	0	0	0	0	0	0	0	0	0	0	0	0	0	0	0	0	115
ASV518	0	0	43	45	0	0	26	0	0	0	0	0	0	0	0	0	0
ASV519	0	0	3	0	0	0	4	4	0	0	0	0	0	0	0	0	103
ASV520	0	0	0	0	0	0	0	114	0	0	0	0	0	0	0	0	0
ASV521	0	0	0	0	0	0	67	46	0	0	0	0	0	0	0	0	0
ASV523	0	0	0	0	0	0	0	113	0	0	0	0	0	0	0	0	0
ASV524	0	0	0	112	0	0	0	0	0	0	0	0	0	0	0	0	0
ASV525	0	0	0	0	0	0	67	11	0	0	0	0	0	0	0	0	33
ASV526	0	0	29	64	0	0	9	7	0	0	0	0	0	0	0	0	0
ASV527	0	0	0	0	0	0	12	19	0	0	0	0	0	0	78	0	0
ASV528	0	0	15	12	0	0	48	31	0	0	0	0	0	0	0	0	0
ASV529	0	0	0	0	0	0	28	78	0	0	0	0	0	0	0	0	0
ASV530	105	0	0	0	0	0	0	0	0	0	0	0	0	0	0	0	0
ASV531	0	0	10	9	0	0	25	46	0	0	0	0	0	0	0	2	13
ASV532	0	0	12	15	0	0	26	49	0	0	0	0	0	0	0	3	0
ASV533	0	0	0	105	0	0	0	0	0	0	0	0	0	0	0	0	0
ASV534	0	0	0	3	0	0	0	0	0	0	0	5	0	0	87	10	0
ASV535	0	0	0	0	0	0	30	75	0	0	0	0	0	0	0	0	0
ASV536	0	0	0	0	0	0	0	0	0	0	0	0	0	0	0	0	105
ASV537	0	0	0	0	0	0	0	0	0	0	0	0	0	0	0	0	104
ASV538	0	0	0	0	0	0	0	0	0	0	0	0	0	0	0	0	104
ASV540	0	0	0	102	0	0	0	0	0	0	0	0	0	0	0	0	0
ASV543	0	0	26	37	0	0	38	0	0	0	0	0	0	0	0	0	0
ASV544	0	0	0	9	0	0	31	61	0	0	0	0	0	0	0	0	0
ASV545	0	0	0	0	0	0	64	37	0	0	0	0	0	0	0	0	0
ASV546	0	0	0	0	0	0	0	0	0	0	2	71	0	0	2	26	0
ASV547	0	0	0	0	0	0	16	84	0	0	0	0	0	0	0	0	0
ASV548	0	0	0	0	0	0	67	32	0	0	0	0	0	0	0	0	0
ASV549	0	0	0	0	0	0	11	9	0	0	0	0	0	0	0	0	79
ASV550	0	73	0	0	0	0	12	13	0	0	0	0	0	0	0	0	0
ASV551	0	0	0	0	0	0	65	31	0	0	0	2	0	0	0	0	0
ASV552	0	0	0	0	0	0	36	62	0	0	0	0	0	0	0	0	0
ASV553	0	0	27	13	0	0	19	37	0	0	0	0	0	0	0	0	0
ASV554	0	0	0	41	0	0	27	0	0	0	0	0	0	0	28	0	0
ASV556	0	0	0	0	0	0	18	78	0	0	0	0	0	0	0	0	0
ASV557	0	0	0	0	0	0	50	0	0	0	0	0	0	0	0	0	46
ASV558	0	0	0	0	0	0	0	0	0	0	0	0	0	0	57	0	39
ASV559	0	0	35	8	0	0	35	17	0	0	0	0	0	0	0	0	0
ASV560	0	0	0	0	0	0	92	2	0	0	0	0	0	0	0	0	0
ASV561	0	0	0	0	0	0	36	58	0	0	0	0	0	0	0	0	0
ASV562	0	0	0	0	0	0	0	94	0	0	0	0	0	0	0	0	0
ASV563	0	0	5	11	0	0	36	41	0	0	0	0	0	0	0	0	0
ASV564	0	0	0	40	0	0	39	0	0	0	0	0	0	0	0	14	0
ASV565	0	0	0	2	0	0	20	71	0	0	0	0	0	0	0	0	0
ASV566	0	0	0	0	0	0	0	93	0	0	0	0	0	0	0	0	0
ASV567	0	0	92	0	0	0	0	0	0	0	0	0	0	0	0	0	0
ASV568	0	0	0	92	0	0	0	0	0	0	0	0	0	0	0	0	0
ASV569	0	0	0	0	0	0	55	37	0	0	0	0	0	0	0	0	0
ASV570	0	0	0	0	0	0	39	53	0	0	0	0	0	0	0	0	0
ASV571	0	0	0	0	0	0	0	0	0	0	0	0	0	0	0	0	92
ASV572	0	0	0	70	0	0	16	4	0	0	0	0	0	0	0	0	0
ASV573	0	0	9	0	0	0	80	0	0	0	0	0	0	0	0	0	0
ASV574	0	0	0	67	0	0	13	9	0	0	0	0	0	0	0	0	0
ASV575	0	0	0	0	0	0	43	46	0	0	0	0	0	0	0	0	0
ASV576	0	0	0	0	0	0	88	0	0	0	0	0	0	0	0	0	0
ASV577	0	0	48	0	0	0	39	0	0	0	0	0	0	0	0	0	0
ASV578	0	0	0	0	0	0	58	29	0	0	0	0	0	0	0	0	0
ASV579	0	0	0	0	0	0	35	52	0	0	0	0	0	0	0	0	0
ASV580	0	0	0	0	0	0	37	49	0	0	0	0	0	0	0	0	0
ASV581	0	0	0	0	0	0	28	57	0	0	0	0	0	0	0	0	0
ASV582	0	0	0	0	0	0	51	34	0	0	0	0	0	0	0	0	0
ASV583	0	0	0	0	0	0	27	58	0	0	0	0	0	0	0	0	0
ASV584	0	0	0	0	0	0	35	50	0	0	0	0	0	0	0	0	0
ASV585	0	0	0	0	0	0	63	21	0	0	0	0	0	0	0	0	0
ASV586	0	0	0	0	0	0	11	53	0	0	0	0	0	0	0	20	0
ASV587	0	0	0	0	0	83	0	0	0	0	0	0	0	0	0	0	0
ASV589	0	0	0	0	0	0	33	18	0	0	0	0	0	0	0	0	32
ASV590	0	0	0	0	0	0	11	71	0	0	0	0	0	0	0	0	0
ASV591	0	0	0	0	0	0	0	0	0	0	0	0	0	0	0	0	82
ASV592	0	42	7	31	0	0	0	0	0	0	0	0	0	0	0	0	0
ASV593	0	0	0	0	0	0	80	0	0	0	0	0	0	0	0	0	0
ASV595	0	0	0	0	0	0	37	42	0	0	0	0	0	0	0	0	0
ASV596	0	0	0	0	0	0	27	52	0	0	0	0	0	0	0	0	0
ASV599	0	0	0	74	0	0	0	4	0	0	0	0	0	0	0	0	0
ASV600	0	0	20	34	0	0	10	13	0	0	0	0	0	0	0	0	0
ASV601	0	0	0	0	0	0	77	0	0	0	0	0	0	0	0	0	0
ASV602	0	0	0	0	0	0	44	33	0	0	0	0	0	0	0	0	0
ASV603	0	0	0	0	0	0	26	46	0	0	0	0	0	0	0	4	0
ASV604	0	0	0	0	0	0	0	0	0	0	0	0	0	0	0	0	76
ASV605	0	0	0	0	0	0	0	0	0	0	0	0	0	0	0	0	76
ASV606	0	0	75	0	0	0	0	0	0	0	0	0	0	0	0	0	0
ASV607	0	0	29	7	0	0	23	16	0	0	0	0	0	0	0	0	0
ASV608	0	0	9	5	0	0	25	36	0	0	0	0	0	0	0	0	0
ASV609	0	0	0	0	0	0	44	31	0	0	0	0	0	0	0	0	0
ASV610	0	0	0	0	0	0	75	0	0	0	0	0	0	0	0	0	0
ASV611	0	0	0	0	0	0	0	75	0	0	0	0	0	0	0	0	0
ASV612	0	0	4	0	0	0	31	32	0	0	0	0	0	0	7	0	0
ASV613	0	0	0	74	0	0	0	0	0	0	0	0	0	0	0	0	0
ASV614	0	0	0	0	0	0	35	39	0	0	0	0	0	0	0	0	0
ASV615	0	0	0	0	0	0	37	37	0	0	0	0	0	0	0	0	0
ASV616	0	0	48	25	0	0	0	0	0	0	0	0	0	0	0	0	0
ASV617	0	0	20	0	0	0	0	53	0	0	0	0	0	0	0	0	0
ASV618	0	0	40	22	0	0	0	0	0	0	0	0	0	0	0	0	11
ASV619	0	0	0	0	0	0	47	26	0	0	0	0	0	0	0	0	0
ASV620	0	0	0	0	0	0	30	43	0	0	0	0	0	0	0	0	0
ASV621	0	0	0	0	0	0	0	0	0	0	0	0	0	0	0	0	71
ASV622	0	0	0	0	0	0	57	13	0	0	0	0	0	0	0	0	0
ASV623	0	0	0	0	0	0	20	0	0	0	0	0	0	0	0	0	50
ASV625	0	0	0	0	0	0	0	0	0	0	0	0	0	0	0	0	70
ASV626	0	0	24	19	0	0	0	26	0	0	0	0	0	0	0	0	0
ASV627	0	0	0	0	31	38	0	0	0	0	0	0	0	0	0	0	0
ASV628	0	0	0	0	0	0	55	14	0	0	0	0	0	0	0	0	0
ASV629	0	0	0	0	0	0	35	34	0	0	0	0	0	0	0	0	0
ASV630	0	0	0	0	0	0	17	52	0	0	0	0	0	0	0	0	0
ASV631	0	0	0	0	0	0	13	56	0	0	0	0	0	0	0	0	0
ASV632	0	0	0	0	0	0	0	69	0	0	0	0	0	0	0	0	0
ASV633	0	0	0	0	0	0	0	0	0	0	0	0	0	0	0	0	69
ASV634	0	0	0	0	0	0	68	0	0	0	0	0	0	0	0	0	0
ASV635	0	0	0	0	0	0	68	0	0	0	0	0	0	0	0	0	0
ASV636	0	0	0	22	0	0	26	19	0	0	0	0	0	0	0	0	0
ASV637	0	0	0	0	0	0	44	0	0	0	0	0	0	0	0	23	0
ASV638	0	0	0	0	0	0	14	53	0	0	0	0	0	0	0	0	0
ASV639	0	0	0	0	0	0	0	0	0	0	0	0	0	0	67	0	0
ASV640	0	0	12	0	0	0	35	19	0	0	0	0	0	0	0	0	0
ASV641	0	0	17	0	0	0	17	32	0	0	0	0	0	0	0	0	0
ASV642	0	0	6	17	0	0	9	34	0	0	0	0	0	0	0	0	0
ASV643	0	0	4	11	0	0	23	25	0	0	0	0	0	0	0	3	0
ASV644	0	0	0	10	0	0	36	17	0	0	0	0	0	0	0	3	0
ASV645	0	0	0	0	0	0	66	0	0	0	0	0	0	0	0	0	0
ASV646	0	0	0	0	0	0	19	23	0	0	0	0	0	0	7	17	0
ASV647	0	0	0	0	0	0	46	20	0	0	0	0	0	0	0	0	0
ASV648	0	0	0	0	0	0	66	0	0	0	0	0	0	0	0	0	0
ASV649	0	0	19	28	0	0	17	0	0	0	0	0	0	0	0	0	0
ASV650	0	0	0	0	0	0	0	0	0	0	0	0	0	0	0	0	64
ASV651	0	0	0	0	0	0	0	0	0	0	0	0	0	0	0	0	64
ASV652	0	0	0	0	0	0	46	17	0	0	0	0	0	0	0	0	0
ASV653	0	0	0	0	0	0	9	0	0	0	0	0	0	0	0	0	54
ASV654	0	0	0	0	0	0	30	33	0	0	0	0	0	0	0	0	0
ASV656	0	0	0	0	0	0	0	62	0	0	0	0	0	0	0	0	0
ASV657	0	0	0	0	0	0	0	56	0	0	0	0	0	0	0	6	0
ASV658	0	0	5	56	0	0	0	0	0	0	0	0	0	0	0	0	0
ASV659	0	0	14	0	0	0	0	0	0	0	47	0	0	0	0	0	0
ASV660	0	0	0	0	0	0	28	28	0	0	0	0	0	0	0	0	5
ASV661	0	0	0	0	0	0	4	57	0	0	0	0	0	0	0	0	0
ASV662	0	0	0	0	0	0	0	61	0	0	0	0	0	0	0	0	0
ASV664	0	0	0	0	0	0	0	0	0	0	0	0	0	0	0	0	61
ASV666	0	0	0	0	0	0	0	0	0	0	0	0	0	0	0	0	61
ASV667	0	0	2	0	0	0	13	45	0	0	0	0	0	0	0	0	0
ASV668	0	0	0	60	0	0	0	0	0	0	0	0	0	0	0	0	0
ASV669	0	0	0	0	0	0	12	48	0	0	0	0	0	0	0	0	0
ASV670	0	0	0	0	0	0	0	2	0	0	0	0	0	0	0	27	31
ASV671	0	0	0	0	0	0	0	0	0	0	60	0	0	0	0	0	0
ASV672	0	0	0	0	0	0	0	0	0	0	0	0	0	0	0	0	60
ASV674	0	0	0	0	0	0	24	5	0	0	0	0	0	0	0	0	30
ASV675	0	0	0	0	0	0	59	0	0	0	0	0	0	0	0	0	0
ASV676	0	0	0	0	0	0	0	0	0	0	0	0	0	0	0	0	59
ASV677	0	0	0	0	0	0	0	0	0	0	0	0	0	0	0	0	59
ASV678	6	0	0	0	4	0	10	10	4	4	7	8	0	5	0	0	0
ASV679	0	0	4	3	0	0	40	11	0	0	0	0	0	0	0	0	0
ASV680	0	0	0	27	0	0	0	31	0	0	0	0	0	0	0	0	0
ASV681	0	0	0	21	0	0	0	0	0	0	0	0	0	0	29	8	0
ASV682	0	0	0	5	0	0	21	32	0	0	0	0	0	0	0	0	0
ASV683	0	0	0	0	0	0	0	0	0	0	0	0	0	0	0	0	58
ASV684	0	0	0	0	0	0	0	0	0	0	0	0	0	0	0	0	58
ASV686	0	0	30	27	0	0	0	0	0	0	0	0	0	0	0	0	0
ASV687	0	0	0	36	0	0	0	0	0	0	0	0	0	0	0	21	0
ASV688	0	0	0	0	0	0	44	13	0	0	0	0	0	0	0	0	0
ASV689	0	0	0	0	0	0	0	0	0	0	0	0	0	0	21	36	0
ASV690	0	0	0	0	0	0	0	0	0	0	0	0	0	0	0	0	57
ASV691	0	0	0	0	0	0	0	0	0	0	0	0	0	0	0	0	57
ASV692	56	0	0	0	0	0	0	0	0	0	0	0	0	0	0	0	0
ASV693	0	0	15	0	0	0	30	11	0	0	0	0	0	0	0	0	0
ASV694	0	0	6	30	0	0	10	10	0	0	0	0	0	0	0	0	0
ASV695	0	0	0	0	0	0	17	39	0	0	0	0	0	0	0	0	0
ASV696	0	0	0	0	0	0	0	56	0	0	0	0	0	0	0	0	0
ASV697	0	0	0	0	0	0	0	56	0	0	0	0	0	0	0	0	0
ASV698	0	0	0	0	0	0	0	0	0	0	0	0	0	0	0	56	0
ASV699	0	0	0	0	0	0	0	0	0	0	0	0	0	0	0	0	56
ASV700	0	0	0	10	0	0	17	20	0	0	0	0	0	0	8	0	0
ASV702	0	0	0	0	0	0	55	0	0	0	0	0	0	0	0	0	0
ASV703	0	0	0	0	0	0	55	0	0	0	0	0	0	0	0	0	0
ASV704	0	0	0	0	0	0	36	19	0	0	0	0	0	0	0	0	0
ASV705	0	0	0	0	0	0	38	17	0	0	0	0	0	0	0	0	0
ASV707	0	0	0	0	0	0	0	0	0	0	0	0	0	0	0	0	55
ASV708	0	0	29	25	0	0	0	0	0	0	0	0	0	0	0	0	0
ASV709	0	0	13	5	0	0	21	15	0	0	0	0	0	0	0	0	0
ASV711	0	0	0	0	0	0	54	0	0	0	0	0	0	0	0	0	0
ASV712	0	0	0	0	0	0	26	28	0	0	0	0	0	0	0	0	0
ASV713	0	0	0	0	0	0	0	54	0	0	0	0	0	0	0	0	0
ASV714	0	0	0	0	0	0	0	0	0	0	0	0	0	0	0	0	54
ASV717	0	0	37	16	0	0	0	0	0	0	0	0	0	0	0	0	0
ASV718	0	0	0	0	0	0	30	23	0	0	0	0	0	0	0	0	0
ASV719	0	0	0	0	0	0	21	32	0	0	0	0	0	0	0	0	0
ASV720	0	0	0	0	0	0	22	31	0	0	0	0	0	0	0	0	0
ASV721	0	0	0	0	0	0	33	20	0	0	0	0	0	0	0	0	0
ASV722	0	0	0	0	0	0	0	0	0	0	0	0	0	0	0	0	53
ASV723	0	0	0	0	0	0	0	0	0	0	0	0	0	0	0	0	53
ASV724	0	0	0	0	0	0	0	0	0	0	0	0	0	0	0	0	53
ASV725	0	0	0	11	0	0	15	26	0	0	0	0	0	0	0	0	0
ASV726	0	0	0	0	0	0	7	23	0	0	0	0	0	0	5	17	0
ASV727	0	0	0	0	0	0	18	34	0	0	0	0	0	0	0	0	0
ASV729	0	0	0	0	0	0	0	0	0	0	0	0	0	0	0	0	52
ASV730	0	0	20	16	0	0	0	15	0	0	0	0	0	0	0	0	0
ASV731	0	0	0	0	0	0	29	22	0	0	0	0	0	0	0	0	0
ASV732	0	0	0	0	0	0	5	0	0	0	0	0	0	0	0	0	46
ASV733	0	0	0	0	0	0	0	37	0	0	0	0	0	0	0	14	0
ASV734	0	0	0	0	0	0	0	0	0	0	0	0	0	0	4	0	47
ASV735	0	0	0	0	0	0	0	0	0	0	0	0	0	0	0	0	51
ASV736	0	0	18	10	0	0	5	0	0	0	0	0	0	0	0	0	17
ASV737	0	0	5	8	0	0	17	20	0	0	0	0	0	0	0	0	0
ASV738	0	0	0	0	0	0	50	0	0	0	0	0	0	0	0	0	0
ASV739	0	0	0	0	0	0	0	50	0	0	0	0	0	0	0	0	0
ASV741	0	0	0	0	0	0	0	0	0	0	50	0	0	0	0	0	0
ASV742	0	0	0	16	0	0	15	18	0	0	0	0	0	0	0	0	0
ASV743	0	0	0	0	0	0	49	0	0	0	0	0	0	0	0	0	0
ASV744	0	0	0	0	0	0	49	0	0	0	0	0	0	0	0	0	0
ASV745	0	0	0	0	0	0	49	0	0	0	0	0	0	0	0	0	0
ASV746	0	0	0	0	0	0	0	49	0	0	0	0	0	0	0	0	0
ASV747	0	0	0	0	0	0	0	49	0	0	0	0	0	0	0	0	0
ASV748	0	0	0	0	0	0	0	49	0	0	0	0	0	0	0	0	0
ASV749	0	0	0	0	0	0	19	29	0	0	0	0	0	0	0	0	0
ASV750	0	0	0	0	0	0	4	44	0	0	0	0	0	0	0	0	0
ASV751	0	0	0	0	0	0	23	19	0	0	0	6	0	0	0	0	0
ASV752	0	0	0	0	0	0	0	0	0	0	0	0	0	0	48	0	0
ASV753	0	0	0	0	0	0	0	0	0	0	0	0	0	0	0	0	48
ASV754	0	0	13	0	0	0	21	13	0	0	0	0	0	0	0	0	0
ASV755	0	0	0	0	0	0	47	0	0	0	0	0	0	0	0	0	0
ASV756	0	0	0	0	0	0	32	15	0	0	0	0	0	0	0	0	0
ASV757	0	0	0	0	0	0	0	0	0	0	0	0	0	0	0	0	47
ASV759	0	0	0	6	0	0	22	18	0	0	0	0	0	0	0	0	0
ASV760	0	0	0	0	0	0	15	31	0	0	0	0	0	0	0	0	0
ASV761	0	0	0	0	0	0	0	0	0	0	0	0	0	0	0	0	46
ASV763	45	0	0	0	0	0	0	0	0	0	0	0	0	0	0	0	0
ASV764	0	0	14	21	0	0	3	7	0	0	0	0	0	0	0	0	0
ASV765	0	0	12	21	0	0	12	0	0	0	0	0	0	0	0	0	0
ASV766	0	0	0	0	0	0	45	0	0	0	0	0	0	0	0	0	0
ASV767	0	0	0	0	0	0	19	26	0	0	0	0	0	0	0	0	0
ASV768	0	0	0	0	0	0	10	35	0	0	0	0	0	0	0	0	0
ASV769	0	0	0	0	0	0	23	22	0	0	0	0	0	0	0	0	0
ASV770	0	0	0	0	0	0	0	45	0	0	0	0	0	0	0	0	0
ASV772	0	0	0	0	0	0	0	0	0	0	0	0	0	0	0	0	45
ASV773	0	0	0	0	0	0	20	24	0	0	0	0	0	0	0	0	0
ASV774	0	0	0	0	0	0	13	31	0	0	0	0	0	0	0	0	0
ASV775	0	0	0	43	0	0	0	0	0	0	0	0	0	0	0	0	0
ASV776	0	0	0	0	0	0	43	0	0	0	0	0	0	0	0	0	0
ASV777	0	0	0	0	0	0	22	21	0	0	0	0	0	0	0	0	0
ASV778	0	0	0	0	0	0	30	0	0	0	0	0	0	0	0	0	13
ASV779	0	0	0	0	0	0	13	15	0	0	0	0	0	0	0	15	0
ASV780	0	0	0	0	0	0	0	0	0	0	0	0	0	0	0	0	43
ASV781	0	0	0	0	0	0	0	0	0	0	0	0	0	0	0	0	43
ASV782	0	0	3	0	0	0	9	0	0	0	0	0	0	0	22	8	0
ASV783	0	0	0	11	0	0	31	0	0	0	0	0	0	0	0	0	0
ASV784	0	0	0	2	0	0	27	13	0	0	0	0	0	0	0	0	0
ASV785	0	0	0	0	0	0	29	13	0	0	0	0	0	0	0	0	0
ASV786	0	0	0	0	0	0	20	22	0	0	0	0	0	0	0	0	0
ASV787	0	0	0	0	0	0	5	30	0	0	0	0	0	0	7	0	0
ASV788	0	0	0	0	0	0	0	0	0	0	42	0	0	0	0	0	0
ASV789	0	0	0	0	0	0	0	0	0	0	0	0	0	0	0	0	42
ASV790	0	0	0	0	0	0	0	0	0	0	0	0	0	0	0	0	42
ASV791	0	0	0	0	0	0	0	0	0	0	0	0	0	0	0	0	42
ASV792	0	0	6	0	0	0	35	0	0	0	0	0	0	0	0	0	0
ASV793	0	0	0	0	0	0	24	17	0	0	0	0	0	0	0	0	0
ASV794	0	0	0	0	0	0	0	0	0	0	0	0	0	0	0	0	41
ASV795	0	0	9	22	0	0	0	9	0	0	0	0	0	0	0	0	0
ASV796	0	0	0	0	0	0	40	0	0	0	0	0	0	0	0	0	0
ASV797	0	0	0	0	0	0	0	40	0	0	0	0	0	0	0	0	0
ASV799	0	0	0	0	0	0	0	0	0	0	0	0	0	0	0	0	40
ASV800	0	0	0	0	0	0	0	0	0	0	0	0	0	0	0	0	40
ASV801	0	0	0	0	0	0	0	0	0	0	0	0	0	0	0	0	40
ASV802	0	0	0	0	0	0	0	0	0	0	0	0	0	0	0	0	40
ASV803	0	0	39	0	0	0	0	0	0	0	0	0	0	0	0	0	0
ASV805	0	0	0	0	0	0	0	0	0	0	0	0	0	0	17	22	0
ASV806	0	0	0	0	0	0	0	0	0	0	0	0	0	0	0	0	39
ASV807	0	0	0	0	0	0	0	0	0	0	0	0	0	0	0	0	39
ASV808	0	0	9	5	0	0	0	24	0	0	0	0	0	0	0	0	0
ASV809	0	0	4	4	0	0	25	5	0	0	0	0	0	0	0	0	0
ASV810	0	0	0	0	0	0	38	0	0	0	0	0	0	0	0	0	0
ASV811	0	0	0	0	0	0	38	0	0	0	0	0	0	0	0	0	0
ASV812	0	0	0	0	0	0	15	23	0	0	0	0	0	0	0	0	0
ASV814	0	0	0	0	0	0	37	0	0	0	0	0	0	0	0	0	0
ASV815	0	0	0	0	0	0	15	22	0	0	0	0	0	0	0	0	0
ASV816	0	0	0	0	0	0	0	0	0	0	0	0	0	0	37	0	0
ASV817	0	0	0	0	0	0	0	0	0	0	0	0	0	0	0	0	37
ASV818	0	0	0	0	0	0	0	0	0	0	0	0	0	0	0	0	37
ASV819	0	0	0	8	0	0	28	0	0	0	0	0	0	0	0	0	0
ASV820	0	0	0	12	0	0	12	12	0	0	0	0	0	0	0	0	0
ASV821	0	0	0	0	0	0	24	9	0	0	0	0	0	0	0	0	3
ASV822	0	0	0	0	0	0	27	9	0	0	0	0	0	0	0	0	0
ASV823	0	0	0	0	0	0	36	0	0	0	0	0	0	0	0	0	0
ASV824	0	0	0	0	0	0	21	15	0	0	0	0	0	0	0	0	0
ASV825	0	0	0	0	0	0	0	36	0	0	0	0	0	0	0	0	0
ASV826	0	0	0	0	0	0	0	0	0	0	0	0	0	0	0	0	36
ASV827	0	0	0	0	0	0	0	0	0	0	0	0	0	0	0	0	36
ASV829	0	0	4	4	0	0	12	15	0	0	0	0	0	0	0	0	0
ASV830	0	0	0	0	0	0	24	0	0	0	0	0	0	0	0	0	11
ASV831	0	0	0	0	0	0	5	0	0	0	0	0	0	0	0	0	30
ASV832	0	0	0	0	0	0	28	7	0	0	0	0	0	0	0	0	0
ASV833	0	0	0	0	0	0	29	0	0	0	0	0	0	0	0	0	6
ASV834	0	0	0	0	0	0	0	35	0	0	0	0	0	0	0	0	0
ASV835	0	0	0	0	0	0	0	0	0	0	0	0	0	0	0	0	35
ASV836	34	0	0	0	0	0	0	0	0	0	0	0	0	0	0	0	0
ASV837	0	0	0	5	0	0	12	17	0	0	0	0	0	0	0	0	0
ASV838	0	0	0	0	0	0	16	18	0	0	0	0	0	0	0	0	0
ASV839	0	0	0	0	0	0	0	34	0	0	0	0	0	0	0	0	0
ASV840	0	0	0	0	0	0	0	0	0	0	13	16	0	0	0	0	5
ASV841	0	0	0	0	0	0	0	0	0	0	3	0	0	0	10	21	0
ASV842	0	0	0	0	0	0	0	0	0	0	2	0	0	0	2	0	30
ASV844	0	0	0	0	0	0	0	0	0	0	0	0	0	0	0	0	34
ASV845	0	0	0	0	0	0	0	0	0	0	0	0	0	0	0	0	34
ASV846	0	0	0	0	0	0	0	0	0	0	0	0	0	0	0	0	34
ASV847	0	0	33	0	0	0	0	0	0	0	0	0	0	0	0	0	0
ASV848	0	0	0	0	8	0	14	11	0	0	0	0	0	0	0	0	0
ASV849	0	0	0	0	0	0	33	0	0	0	0	0	0	0	0	0	0
ASV850	0	0	0	0	0	0	26	7	0	0	0	0	0	0	0	0	0
ASV851	0	0	0	0	0	0	15	18	0	0	0	0	0	0	0	0	0
ASV852	0	0	0	0	0	0	33	0	0	0	0	0	0	0	0	0	0
ASV853	0	0	0	0	0	0	24	9	0	0	0	0	0	0	0	0	0
ASV854	0	0	0	0	0	0	0	8	0	0	0	0	0	0	0	0	25
ASV856	0	0	0	0	0	0	0	0	0	0	0	0	0	0	0	0	33
ASV857	0	0	0	0	0	0	0	0	0	0	0	0	0	0	0	0	33
ASV859	0	0	0	0	0	0	0	0	0	0	0	0	0	0	0	0	33
ASV860	0	0	0	0	0	0	0	0	0	0	0	0	0	0	0	0	33
ASV861	0	0	0	5	0	0	22	5	0	0	0	0	0	0	0	0	0
ASV862	0	0	0	0	0	0	21	11	0	0	0	0	0	0	0	0	0
ASV864	0	0	0	0	0	0	32	0	0	0	0	0	0	0	0	0	0
ASV865	0	0	0	0	0	0	11	21	0	0	0	0	0	0	0	0	0
ASV866	0	0	0	0	0	0	12	5	0	0	0	0	0	0	0	0	15
ASV867	0	0	0	0	0	0	19	13	0	0	0	0	0	0	0	0	0
ASV868	0	0	0	0	0	0	0	0	0	0	0	0	0	0	0	0	32
ASV871	0	0	0	0	0	0	31	0	0	0	0	0	0	0	0	0	0
ASV872	0	0	0	0	0	0	31	0	0	0	0	0	0	0	0	0	0
ASV873	0	0	0	0	0	0	0	0	0	0	0	0	0	0	0	0	31
ASV874	0	0	0	0	0	0	0	0	0	0	0	0	0	0	0	0	31
ASV876	0	0	14	16	0	0	0	0	0	0	0	0	0	0	0	0	0
ASV877	0	0	0	30	0	0	0	0	0	0	0	0	0	0	0	0	0
ASV878	0	0	0	4	0	0	10	16	0	0	0	0	0	0	0	0	0
ASV880	0	0	0	0	0	0	15	15	0	0	0	0	0	0	0	0	0
ASV881	0	0	0	0	0	0	0	30	0	0	0	0	0	0	0	0	0
ASV883	0	0	0	0	0	0	19	10	0	0	0	0	0	0	0	0	0
ASV884	0	0	0	0	0	0	29	0	0	0	0	0	0	0	0	0	0
ASV885	0	0	0	0	0	0	9	0	0	0	0	0	0	0	0	0	20
ASV886	0	0	0	0	0	0	29	0	0	0	0	0	0	0	0	0	0
ASV887	0	0	0	0	0	0	29	0	0	0	0	0	0	0	0	0	0
ASV888	0	0	0	0	0	0	7	17	0	0	0	0	0	0	0	0	5
ASV889	0	0	0	0	0	0	0	29	0	0	0	0	0	0	0	0	0
ASV890	0	0	0	0	0	0	0	29	0	0	0	0	0	0	0	0	0
ASV891	0	0	0	0	0	0	0	29	0	0	0	0	0	0	0	0	0
ASV892	0	0	0	0	0	0	0	0	0	0	0	0	0	0	0	0	29
ASV893	0	0	25	0	0	0	3	0	0	0	0	0	0	0	0	0	0
ASV894	0	0	9	0	0	0	0	19	0	0	0	0	0	0	0	0	0
ASV895	0	0	12	0	0	0	16	0	0	0	0	0	0	0	0	0	0
ASV896	0	0	0	0	0	0	12	16	0	0	0	0	0	0	0	0	0
ASV897	0	0	0	0	0	0	0	28	0	0	0	0	0	0	0	0	0
ASV898	0	0	0	0	0	0	0	28	0	0	0	0	0	0	0	0	0
ASV899	0	0	0	0	0	0	0	28	0	0	0	0	0	0	0	0	0
ASV900	0	0	0	0	0	0	0	0	0	0	0	0	0	0	0	0	28
ASV901	0	0	15	4	0	0	0	8	0	0	0	0	0	0	0	0	0
ASV902	0	0	4	0	0	0	0	18	0	0	0	0	0	0	0	5	0
ASV903	0	0	9	18	0	0	0	0	0	0	0	0	0	0	0	0	0
ASV904	0	0	0	0	0	0	12	15	0	0	0	0	0	0	0	0	0
ASV905	0	0	0	0	0	0	27	0	0	0	0	0	0	0	0	0	0
ASV906	0	0	0	0	0	0	19	8	0	0	0	0	0	0	0	0	0
ASV907	0	0	0	0	0	0	0	27	0	0	0	0	0	0	0	0	0
ASV909	0	0	0	0	0	0	0	0	0	0	0	0	0	0	0	0	27
ASV910	0	0	0	0	0	0	0	0	0	0	0	0	0	0	0	0	27
ASV911	0	0	0	0	0	0	0	0	0	0	0	0	0	0	0	0	27
ASV912	0	0	0	0	0	0	0	0	0	0	0	0	0	0	0	0	27
ASV913	0	0	0	0	0	0	26	0	0	0	0	0	0	0	0	0	0
ASV914	0	0	0	0	0	0	26	0	0	0	0	0	0	0	0	0	0
ASV915	0	0	0	0	0	0	26	0	0	0	0	0	0	0	0	0	0
ASV916	0	0	0	0	0	0	0	26	0	0	0	0	0	0	0	0	0
ASV917	0	0	0	0	0	0	0	0	0	0	0	0	0	0	0	0	26
ASV918	0	0	0	0	0	0	0	0	0	0	0	0	0	0	0	0	26
ASV919	0	0	0	0	0	0	0	0	0	0	0	0	0	0	0	0	26
ASV920	0	0	8	17	0	0	0	0	0	0	0	0	0	0	0	0	0
ASV921	0	0	9	16	0	0	0	0	0	0	0	0	0	0	0	0	0
ASV922	0	0	0	0	0	25	0	0	0	0	0	0	0	0	0	0	0
ASV923	0	0	0	0	0	0	25	0	0	0	0	0	0	0	0	0	0
ASV924	0	0	0	0	0	0	0	25	0	0	0	0	0	0	0	0	0
ASV925	0	0	0	0	0	0	0	25	0	0	0	0	0	0	0	0	0
ASV926	0	0	0	0	0	0	0	25	0	0	0	0	0	0	0	0	0
ASV927	0	0	0	0	0	0	0	25	0	0	0	0	0	0	0	0	0
ASV928	0	0	0	0	0	0	0	25	0	0	0	0	0	0	0	0	0
ASV931	0	0	0	0	0	0	0	0	0	0	0	0	0	0	0	0	25
ASV932	0	0	0	0	0	0	0	0	0	0	0	0	0	0	0	0	25
ASV933	0	0	0	0	0	0	0	0	0	0	0	0	0	0	0	0	25
ASV934	0	0	24	0	0	0	0	0	0	0	0	0	0	0	0	0	0
ASV935	0	0	0	6	0	0	3	2	2	0	0	0	4	3	0	4	0
ASV937	0	0	0	0	0	15	0	0	0	0	0	0	0	9	0	0	0
ASV939	0	0	0	0	0	0	11	13	0	0	0	0	0	0	0	0	0
ASV940	0	0	0	0	0	0	8	16	0	0	0	0	0	0	0	0	0
ASV941	0	0	0	0	0	0	4	20	0	0	0	0	0	0	0	0	0
ASV942	0	0	0	0	0	0	0	24	0	0	0	0	0	0	0	0	0
ASV943	0	0	0	0	0	0	0	24	0	0	0	0	0	0	0	0	0
ASV944	0	0	0	0	0	0	0	0	0	0	0	0	0	0	0	24	0
ASV947	0	0	0	0	0	0	0	0	0	0	0	0	0	0	0	0	24
ASV948	0	6	4	0	0	4	3	0	2	2	0	2	0	0	0	0	0
ASV949	0	0	7	16	0	0	0	0	0	0	0	0	0	0	0	0	0
ASV950	0	0	12	0	0	0	0	11	0	0	0	0	0	0	0	0	0
ASV951	0	0	0	14	0	0	9	0	0	0	0	0	0	0	0	0	0
ASV952	0	0	0	0	0	0	23	0	0	0	0	0	0	0	0	0	0
ASV953	0	0	0	0	0	0	10	13	0	0	0	0	0	0	0	0	0
ASV954	0	0	0	0	0	0	9	14	0	0	0	0	0	0	0	0	0
ASV955	0	0	0	0	0	0	6	17	0	0	0	0	0	0	0	0	0
ASV956	0	0	0	0	0	0	23	0	0	0	0	0	0	0	0	0	0
ASV957	0	0	0	0	0	0	11	12	0	0	0	0	0	0	0	0	0
ASV958	0	0	0	0	0	0	12	11	0	0	0	0	0	0	0	0	0
ASV959	0	0	0	0	0	0	11	12	0	0	0	0	0	0	0	0	0
ASV960	0	0	0	0	0	0	0	23	0	0	0	0	0	0	0	0	0
ASV961	0	0	0	0	0	0	0	23	0	0	0	0	0	0	0	0	0
ASV962	0	0	0	0	0	0	0	23	0	0	0	0	0	0	0	0	0
ASV963	0	0	0	0	0	0	0	0	0	0	0	0	0	0	0	0	23
ASV964	0	0	0	0	0	0	0	0	0	0	0	0	0	0	0	0	23
ASV966	0	0	0	0	0	0	0	0	0	0	0	0	0	0	0	0	23
ASV967	0	0	0	0	0	0	0	0	0	0	0	0	0	0	0	0	23
ASV968	0	0	0	0	0	0	0	0	0	0	0	0	0	0	0	0	23
ASV969	0	0	6	0	0	0	0	9	0	0	0	0	0	0	3	4	0
ASV970	0	0	0	22	0	0	0	0	0	0	0	0	0	0	0	0	0
ASV971	0	0	0	3	0	0	12	7	0	0	0	0	0	0	0	0	0
ASV972	0	0	0	0	0	0	22	0	0	0	0	0	0	0	0	0	0
ASV973	0	0	0	0	0	0	22	0	0	0	0	0	0	0	0	0	0
ASV974	0	0	0	0	0	0	14	8	0	0	0	0	0	0	0	0	0
ASV975	0	0	0	0	0	0	22	0	0	0	0	0	0	0	0	0	0
ASV976	0	0	0	0	0	0	16	6	0	0	0	0	0	0	0	0	0
ASV977	0	0	0	0	0	0	16	6	0	0	0	0	0	0	0	0	0
ASV978	0	0	0	0	0	0	0	22	0	0	0	0	0	0	0	0	0
ASV980	0	0	0	0	0	0	7	14	0	0	0	0	0	0	0	0	0
ASV981	0	0	0	0	0	0	21	0	0	0	0	0	0	0	0	0	0
ASV982	0	0	0	0	0	0	8	13	0	0	0	0	0	0	0	0	0
ASV983	0	0	0	0	0	0	21	0	0	0	0	0	0	0	0	0	0
ASV984	0	0	0	0	0	0	9	12	0	0	0	0	0	0	0	0	0
ASV985	0	0	0	0	0	0	21	0	0	0	0	0	0	0	0	0	0
ASV986	0	0	0	0	0	0	0	21	0	0	0	0	0	0	0	0	0
ASV988	0	0	0	0	0	0	0	0	0	0	0	0	0	0	14	7	0
ASV989	0	0	0	0	0	0	0	0	0	0	0	0	0	0	0	21	0
ASV990	0	0	0	0	0	0	0	0	0	0	0	0	0	0	0	0	21
ASV991	0	0	0	0	0	0	0	0	0	0	0	0	0	0	0	0	21
ASV993	0	20	0	0	0	0	0	0	0	0	0	0	0	0	0	0	0
ASV994	0	0	20	0	0	0	0	0	0	0	0	0	0	0	0	0	0
ASV995	0	0	20	0	0	0	0	0	0	0	0	0	0	0	0	0	0
ASV996	0	0	0	5	0	0	5	10	0	0	0	0	0	0	0	0	0
ASV997	0	0	0	20	0	0	0	0	0	0	0	0	0	0	0	0	0
ASV998	0	0	0	0	0	0	14	6	0	0	0	0	0	0	0	0	0
ASV999	0	0	0	0	0	0	9	11	0	0	0	0	0	0	0	0	0
ASV1000	0	0	0	0	0	0	0	20	0	0	0	0	0	0	0	0	0
ASV1001	0	19	0	0	0	0	0	0	0	0	0	0	0	0	0	0	0
ASV1002	0	0	9	0	0	0	10	0	0	0	0	0	0	0	0	0	0
ASV1003	0	0	19	0	0	0	0	0	0	0	0	0	0	0	0	0	0
ASV1006	0	0	0	0	0	0	8	11	0	0	0	0	0	0	0	0	0
ASV1007	0	0	0	0	0	0	10	9	0	0	0	0	0	0	0	0	0
ASV1008	0	0	0	0	0	0	19	0	0	0	0	0	0	0	0	0	0
ASV1009	0	0	0	0	0	0	19	0	0	0	0	0	0	0	0	0	0
ASV1010	0	0	0	0	0	0	0	19	0	0	0	0	0	0	0	0	0
ASV1011	0	0	0	0	0	0	0	19	0	0	0	0	0	0	0	0	0
ASV1012	0	0	0	0	0	0	0	0	0	0	0	0	0	0	19	0	0
ASV1013	0	0	0	0	0	0	0	0	0	0	0	0	0	0	0	0	19
ASV1014	0	0	0	0	0	0	0	0	0	0	0	0	0	0	0	0	19
ASV1015	0	0	0	0	0	0	0	0	0	0	0	0	0	0	0	0	19
ASV1016	0	0	0	0	0	0	0	0	0	0	0	0	0	0	0	0	19
ASV1017	0	0	12	0	0	0	0	6	0	0	0	0	0	0	0	0	0
ASV1018	0	0	18	0	0	0	0	0	0	0	0	0	0	0	0	0	0
ASV1019	0	0	0	13	0	0	0	5	0	0	0	0	0	0	0	0	0
ASV1021	0	0	0	0	0	0	18	0	0	0	0	0	0	0	0	0	0
ASV1022	0	0	0	0	0	0	18	0	0	0	0	0	0	0	0	0	0
ASV1023	0	0	0	0	0	0	11	0	0	0	0	0	0	0	0	0	7
ASV1024	0	0	0	0	0	0	0	18	0	0	0	0	0	0	0	0	0
ASV1025	0	0	0	0	0	0	0	18	0	0	0	0	0	0	0	0	0
ASV1026	0	0	0	0	0	0	0	0	0	0	0	18	0	0	0	0	0
ASV1027	0	0	0	0	0	0	0	0	0	0	0	0	0	0	11	7	0
ASV1028	0	0	0	0	0	0	0	0	0	0	0	0	0	0	0	0	18
ASV1029	0	0	0	0	0	0	0	0	0	0	0	0	0	0	0	0	18
ASV1030	0	0	0	0	0	0	0	0	0	0	0	0	0	0	0	0	18
ASV1031	0	0	0	0	0	0	0	0	0	0	0	0	0	0	0	0	18
ASV1032	0	0	0	0	0	0	0	0	0	0	0	0	0	0	0	0	18
ASV1033	0	0	0	0	0	0	0	0	0	0	0	0	0	0	0	0	18
ASV1034	0	0	2	0	0	0	0	15	0	0	0	0	0	0	0	0	0
ASV1035	0	0	0	17	0	0	0	0	0	0	0	0	0	0	0	0	0
ASV1036	0	0	0	0	17	0	0	0	0	0	0	0	0	0	0	0	0
ASV1037	0	0	0	0	0	0	10	7	0	0	0	0	0	0	0	0	0
ASV1038	0	0	0	0	0	0	9	8	0	0	0	0	0	0	0	0	0
ASV1039	0	0	0	0	0	0	11	6	0	0	0	0	0	0	0	0	0
ASV1040	0	0	0	0	0	0	2	15	0	0	0	0	0	0	0	0	0
ASV1041	0	0	0	0	0	0	17	0	0	0	0	0	0	0	0	0	0
ASV1042	0	0	0	0	0	0	17	0	0	0	0	0	0	0	0	0	0
ASV1043	0	0	0	0	0	0	0	7	0	0	0	0	0	0	7	3	0
ASV1044	0	0	0	0	0	0	0	0	0	0	0	0	0	0	17	0	0
ASV1045	0	0	0	0	0	0	0	0	0	0	0	0	0	0	9	8	0
ASV1046	0	0	0	0	0	0	0	0	0	0	0	0	0	0	0	0	17
ASV1047	0	0	0	0	0	0	0	0	0	0	0	0	0	0	0	0	17
ASV1048	0	0	0	0	0	0	0	0	0	0	0	0	0	0	0	0	17
ASV1049	0	0	12	4	0	0	0	0	0	0	0	0	0	0	0	0	0
ASV1050	0	0	2	3	0	0	6	5	0	0	0	0	0	0	0	0	0
ASV1051	0	0	0	0	0	0	10	6	0	0	0	0	0	0	0	0	0
ASV1052	0	0	0	0	0	0	12	4	0	0	0	0	0	0	0	0	0
ASV1053	0	0	0	0	0	0	5	11	0	0	0	0	0	0	0	0	0
ASV1054	0	0	0	0	0	0	16	0	0	0	0	0	0	0	0	0	0
ASV1055	0	0	0	0	0	0	16	0	0	0	0	0	0	0	0	0	0
ASV1056	0	0	0	0	0	0	16	0	0	0	0	0	0	0	0	0	0
ASV1057	0	0	0	0	0	0	0	14	0	0	0	0	0	0	0	2	0
ASV1058	0	0	0	0	0	0	0	16	0	0	0	0	0	0	0	0	0
ASV1059	0	0	0	0	0	0	0	16	0	0	0	0	0	0	0	0	0
ASV1060	0	0	0	0	0	0	0	16	0	0	0	0	0	0	0	0	0
ASV1062	0	0	0	0	0	0	0	0	0	0	0	0	0	0	11	5	0
ASV1063	0	0	0	0	0	0	0	0	0	0	0	0	0	0	0	0	16
ASV1064	0	0	0	0	0	0	0	0	0	0	0	0	0	0	0	0	16
ASV1065	0	0	15	0	0	0	0	0	0	0	0	0	0	0	0	0	0
ASV1066	0	0	15	0	0	0	0	0	0	0	0	0	0	0	0	0	0
ASV1067	0	0	0	5	0	0	3	7	0	0	0	0	0	0	0	0	0
ASV1068	0	0	0	15	0	0	0	0	0	0	0	0	0	0	0	0	0
ASV1069	0	0	0	0	0	0	9	6	0	0	0	0	0	0	0	0	0
ASV1070	0	0	0	0	0	0	15	0	0	0	0	0	0	0	0	0	0
ASV1071	0	0	0	0	0	0	15	0	0	0	0	0	0	0	0	0	0
ASV1072	0	0	0	0	0	0	0	15	0	0	0	0	0	0	0	0	0
ASV1073	0	0	0	0	0	0	0	15	0	0	0	0	0	0	0	0	0
ASV1074	0	0	0	0	0	0	0	15	0	0	0	0	0	0	0	0	0
ASV1076	0	0	0	0	0	0	0	0	0	0	0	0	0	0	7	8	0
ASV1077	0	0	0	0	0	0	0	0	0	0	0	0	0	0	0	0	15
ASV1078	0	0	0	0	0	0	0	0	0	0	0	0	0	0	0	0	15
ASV1079	0	0	0	0	0	0	0	0	0	0	0	0	0	0	0	0	15
ASV1080	0	0	7	5	0	0	2	0	0	0	0	0	0	0	0	0	0
ASV1081	0	0	6	8	0	0	0	0	0	0	0	0	0	0	0	0	0
ASV1082	0	0	14	0	0	0	0	0	0	0	0	0	0	0	0	0	0
ASV1083	0	0	0	0	0	0	8	6	0	0	0	0	0	0	0	0	0
ASV1084	0	0	0	0	0	0	14	0	0	0	0	0	0	0	0	0	0
ASV1085	0	0	0	0	0	0	6	8	0	0	0	0	0	0	0	0	0
ASV1086	0	0	0	0	0	0	14	0	0	0	0	0	0	0	0	0	0
ASV1087	0	0	0	0	0	0	14	0	0	0	0	0	0	0	0	0	0
ASV1088	0	0	0	0	0	0	14	0	0	0	0	0	0	0	0	0	0
ASV1089	0	0	0	0	0	0	0	14	0	0	0	0	0	0	0	0	0
ASV1090	0	0	0	0	0	0	0	14	0	0	0	0	0	0	0	0	0
ASV1091	0	0	0	0	0	0	0	14	0	0	0	0	0	0	0	0	0
ASV1092	0	0	0	0	0	0	0	14	0	0	0	0	0	0	0	0	0
ASV1093	0	0	0	0	0	0	0	0	0	0	14	0	0	0	0	0	0
ASV1094	0	0	0	0	0	0	0	0	0	0	0	0	0	0	14	0	0
ASV1095	0	0	0	0	0	0	0	0	0	0	0	0	0	0	4	10	0
ASV1096	0	0	0	0	0	0	0	0	0	0	0	0	0	0	0	0	14
ASV1097	0	0	0	0	0	0	0	0	0	0	0	0	0	0	0	0	14
ASV1098	0	0	0	0	0	0	0	0	0	0	0	0	0	0	0	0	14
ASV1099	0	0	0	0	0	0	0	0	0	0	0	0	0	0	0	0	14
ASV1100	0	0	0	0	0	0	0	0	0	0	0	0	0	0	0	0	14
ASV1101	0	0	0	0	0	0	0	0	0	0	0	0	0	0	0	0	14
ASV1102	0	0	0	0	0	0	0	0	0	0	0	0	0	0	0	0	14
ASV1103	0	0	0	0	0	0	0	0	0	0	0	0	0	0	0	0	14
ASV1104	13	0	0	0	0	0	0	0	0	0	0	0	0	0	0	0	0
ASV1106	0	0	9	4	0	0	0	0	0	0	0	0	0	0	0	0	0
ASV1107	0	0	0	13	0	0	0	0	0	0	0	0	0	0	0	0	0
ASV1108	0	0	0	0	0	0	11	2	0	0	0	0	0	0	0	0	0
ASV1109	0	0	0	0	0	0	10	0	0	0	0	0	0	0	0	0	3
ASV1110	0	0	0	0	0	0	5	8	0	0	0	0	0	0	0	0	0
ASV1111	0	0	0	0	0	0	13	0	0	0	0	0	0	0	0	0	0
ASV1112	0	0	0	0	0	0	6	7	0	0	0	0	0	0	0	0	0
ASV1113	0	0	0	0	0	0	13	0	0	0	0	0	0	0	0	0	0
ASV1115	0	0	0	0	0	0	0	13	0	0	0	0	0	0	0	0	0
ASV1116	0	0	0	0	0	0	0	7	0	0	0	0	0	0	6	0	0
ASV1117	0	0	0	0	0	0	0	13	0	0	0	0	0	0	0	0	0
ASV1118	0	0	0	0	0	0	0	13	0	0	0	0	0	0	0	0	0
ASV1119	0	0	0	0	0	0	0	13	0	0	0	0	0	0	0	0	0
ASV1120	0	0	0	0	0	0	0	13	0	0	0	0	0	0	0	0	0
ASV1121	0	0	0	0	0	0	0	0	0	0	0	0	0	0	0	0	13
ASV1122	0	0	0	0	0	0	0	0	0	0	0	0	0	0	0	0	13
ASV1123	0	0	0	0	0	0	0	0	0	0	0	0	0	0	0	0	13
ASV1124	0	0	0	0	0	0	0	0	0	0	0	0	0	0	0	0	13
ASV1125	0	0	0	0	0	0	0	0	0	0	0	0	0	0	0	0	13
ASV1126	0	0	0	0	0	0	0	0	0	0	0	0	0	0	0	0	13
ASV1127	0	0	0	0	0	0	0	0	0	0	0	0	0	0	0	0	13
ASV1128	0	0	0	0	0	0	0	0	0	0	0	0	0	0	0	0	13
ASV1129	0	0	0	0	0	0	0	0	0	0	0	0	0	0	0	0	13
ASV1130	0	0	0	0	0	0	0	0	0	0	0	0	0	0	0	0	13
ASV1131	0	0	3	0	0	0	0	9	0	0	0	0	0	0	0	0	0
ASV1132	0	0	12	0	0	0	0	0	0	0	0	0	0	0	0	0	0
ASV1133	0	0	4	0	0	0	0	8	0	0	0	0	0	0	0	0	0
ASV1134	0	0	12	0	0	0	0	0	0	0	0	0	0	0	0	0	0
ASV1135	0	0	4	0	0	0	0	8	0	0	0	0	0	0	0	0	0
ASV1136	0	0	0	12	0	0	0	0	0	0	0	0	0	0	0	0	0
ASV1137	0	0	0	0	0	0	8	4	0	0	0	0	0	0	0	0	0
ASV1138	0	0	0	0	0	0	12	0	0	0	0	0	0	0	0	0	0
ASV1139	0	0	0	0	0	0	12	0	0	0	0	0	0	0	0	0	0
ASV1140	0	0	0	0	0	0	12	0	0	0	0	0	0	0	0	0	0
ASV1141	0	0	0	0	0	0	12	0	0	0	0	0	0	0	0	0	0
ASV1142	0	0	0	0	0	0	6	0	0	0	0	0	0	0	6	0	0
ASV1143	0	0	0	0	0	0	0	12	0	0	0	0	0	0	0	0	0
ASV1144	0	0	0	0	0	0	0	12	0	0	0	0	0	0	0	0	0
ASV1145	0	0	0	0	0	0	0	12	0	0	0	0	0	0	0	0	0
ASV1146	0	0	0	0	0	0	0	12	0	0	0	0	0	0	0	0	0
ASV1147	0	0	0	0	0	0	0	12	0	0	0	0	0	0	0	0	0
ASV1149	0	0	0	0	0	0	0	12	0	0	0	0	0	0	0	0	0
ASV1150	0	0	0	0	0	0	0	12	0	0	0	0	0	0	0	0	0
ASV1151	0	0	0	0	0	0	0	0	0	0	0	12	0	0	0	0	0
ASV1152	0	0	0	0	0	0	0	0	0	0	0	0	0	0	12	0	0
ASV1153	0	0	0	0	0	0	0	0	0	0	0	0	0	0	12	0	0
ASV1154	0	0	0	0	0	0	0	0	0	0	0	0	0	0	12	0	0
ASV1155	0	0	0	0	0	0	0	0	0	0	0	0	0	0	0	0	12
ASV1156	0	0	0	0	0	0	0	0	0	0	0	0	0	0	0	0	12
ASV1157	0	0	0	0	0	0	0	0	0	0	0	0	0	0	0	0	12
ASV1159	0	0	0	0	0	0	0	0	0	0	0	0	0	0	0	0	12
ASV1160	0	0	0	0	0	0	0	0	0	0	0	0	0	0	0	0	12
ASV1161	0	0	0	0	0	0	0	0	0	0	0	0	0	0	0	0	12
ASV1163	0	0	0	0	0	0	0	0	0	0	0	0	0	0	0	0	12
ASV1164	0	0	0	0	0	0	0	0	0	0	0	0	0	0	0	0	12
ASV1165	0	0	0	0	0	0	0	0	0	0	0	0	0	0	0	0	12
ASV1166	0	0	11	0	0	0	0	0	0	0	0	0	0	0	0	0	0
ASV1167	0	0	11	0	0	0	0	0	0	0	0	0	0	0	0	0	0
ASV1168	0	0	3	3	0	0	5	0	0	0	0	0	0	0	0	0	0
ASV1169	0	0	0	0	0	0	11	0	0	0	0	0	0	0	0	0	0
ASV1171	0	0	0	0	0	0	11	0	0	0	0	0	0	0	0	0	0
ASV1172	0	0	0	0	0	0	11	0	0	0	0	0	0	0	0	0	0
ASV1173	0	0	0	0	0	0	11	0	0	0	0	0	0	0	0	0	0
ASV1174	0	0	0	0	0	0	11	0	0	0	0	0	0	0	0	0	0
ASV1175	0	0	0	0	0	0	7	4	0	0	0	0	0	0	0	0	0
ASV1176	0	0	0	0	0	0	5	6	0	0	0	0	0	0	0	0	0
ASV1177	0	0	0	0	0	0	11	0	0	0	0	0	0	0	0	0	0
ASV1178	0	0	0	0	0	0	11	0	0	0	0	0	0	0	0	0	0
ASV1179	0	0	0	0	0	0	11	0	0	0	0	0	0	0	0	0	0
ASV1181	0	0	0	0	0	0	0	11	0	0	0	0	0	0	0	0	0
ASV1182	0	0	0	0	0	0	0	11	0	0	0	0	0	0	0	0	0
ASV1183	0	0	0	0	0	0	0	11	0	0	0	0	0	0	0	0	0
ASV1184	0	0	0	0	0	0	0	0	0	0	0	0	0	0	0	0	11
ASV1185	0	0	0	0	0	0	0	0	0	0	0	0	0	0	0	0	11
ASV1186	0	0	0	0	0	0	0	0	0	0	0	0	0	0	0	0	11
ASV1187	0	0	0	0	0	0	0	0	0	0	0	0	0	0	0	0	11
ASV1188	0	0	0	0	0	0	0	0	0	0	0	0	0	0	0	0	11
ASV1189	0	0	0	0	0	0	0	0	0	0	0	0	0	0	0	0	11
ASV1190	0	0	0	0	0	0	0	0	0	0	0	0	0	0	0	0	11
ASV1191	0	0	0	0	0	0	0	0	0	0	0	0	0	0	0	0	11
ASV1192	0	0	10	0	0	0	0	0	0	0	0	0	0	0	0	0	0
ASV1193	0	0	2	0	0	0	0	8	0	0	0	0	0	0	0	0	0
ASV1194	0	0	10	0	0	0	0	0	0	0	0	0	0	0	0	0	0
ASV1195	0	0	0	10	0	0	0	0	0	0	0	0	0	0	0	0	0
ASV1196	0	0	0	10	0	0	0	0	0	0	0	0	0	0	0	0	0
ASV1197	0	0	0	10	0	0	0	0	0	0	0	0	0	0	0	0	0
ASV1198	0	0	0	2	0	0	0	8	0	0	0	0	0	0	0	0	0
ASV1199	0	0	0	10	0	0	0	0	0	0	0	0	0	0	0	0	0
ASV1200	0	0	0	0	0	3	7	0	0	0	0	0	0	0	0	0	0
ASV1201	0	0	0	0	0	0	10	0	0	0	0	0	0	0	0	0	0
ASV1202	0	0	0	0	0	0	7	3	0	0	0	0	0	0	0	0	0
ASV1203	0	0	0	0	0	0	10	0	0	0	0	0	0	0	0	0	0
ASV1204	0	0	0	0	0	0	8	2	0	0	0	0	0	0	0	0	0
ASV1205	0	0	0	0	0	0	10	0	0	0	0	0	0	0	0	0	0
ASV1206	0	0	0	0	0	0	4	6	0	0	0	0	0	0	0	0	0
ASV1207	0	0	0	0	0	0	10	0	0	0	0	0	0	0	0	0	0
ASV1208	0	0	0	0	0	0	5	0	0	0	0	5	0	0	0	0	0
ASV1209	0	0	0	0	0	0	10	0	0	0	0	0	0	0	0	0	0
ASV1210	0	0	0	0	0	0	10	0	0	0	0	0	0	0	0	0	0
ASV1211	0	0	0	0	0	0	5	5	0	0	0	0	0	0	0	0	0
ASV1212	0	0	0	0	0	0	5	5	0	0	0	0	0	0	0	0	0
ASV1213	0	0	0	0	0	0	10	0	0	0	0	0	0	0	0	0	0
ASV1214	0	0	0	0	0	0	10	0	0	0	0	0	0	0	0	0	0
ASV1215	0	0	0	0	0	0	0	10	0	0	0	0	0	0	0	0	0
ASV1216	0	0	0	0	0	0	0	4	0	0	0	0	0	0	0	0	6
ASV1217	0	0	0	0	0	0	0	10	0	0	0	0	0	0	0	0	0
ASV1218	0	0	0	0	0	0	0	10	0	0	0	0	0	0	0	0	0
ASV1219	0	0	0	0	0	0	0	10	0	0	0	0	0	0	0	0	0
ASV1220	0	0	0	0	0	0	0	0	0	0	0	0	0	0	10	0	0
ASV1221	0	0	0	0	0	0	0	0	0	0	0	0	0	0	0	10	0
ASV1223	0	0	0	0	0	0	0	0	0	0	0	0	0	0	0	0	10
ASV1224	0	0	0	0	0	0	0	0	0	0	0	0	0	0	0	0	10
ASV1225	0	0	9	0	0	0	0	0	0	0	0	0	0	0	0	0	0
ASV1226	0	0	9	0	0	0	0	0	0	0	0	0	0	0	0	0	0
ASV1227	0	0	0	9	0	0	0	0	0	0	0	0	0	0	0	0	0
ASV1228	0	0	0	6	0	0	0	0	0	0	3	0	0	0	0	0	0
ASV1229	0	0	0	0	0	0	9	0	0	0	0	0	0	0	0	0	0
ASV1230	0	0	0	0	0	0	9	0	0	0	0	0	0	0	0	0	0
ASV1231	0	0	0	0	0	0	9	0	0	0	0	0	0	0	0	0	0
ASV1232	0	0	0	0	0	0	9	0	0	0	0	0	0	0	0	0	0
ASV1233	0	0	0	0	0	0	9	0	0	0	0	0	0	0	0	0	0
ASV1234	0	0	0	0	0	0	9	0	0	0	0	0	0	0	0	0	0
ASV1235	0	0	0	0	0	0	9	0	0	0	0	0	0	0	0	0	0
ASV1236	0	0	0	0	0	0	9	0	0	0	0	0	0	0	0	0	0
ASV1237	0	0	0	0	0	0	9	0	0	0	0	0	0	0	0	0	0
ASV1239	0	0	0	0	0	0	4	5	0	0	0	0	0	0	0	0	0
ASV1240	0	0	0	0	0	0	0	9	0	0	0	0	0	0	0	0	0
ASV1241	0	0	0	0	0	0	0	9	0	0	0	0	0	0	0	0	0
ASV1242	0	0	0	0	0	0	0	9	0	0	0	0	0	0	0	0	0
ASV1243	0	0	0	0	0	0	0	9	0	0	0	0	0	0	0	0	0
ASV1244	0	0	0	0	0	0	0	0	0	0	2	7	0	0	0	0	0
ASV1245	0	0	0	0	0	0	0	0	0	0	0	9	0	0	0	0	0
ASV1246	0	0	0	0	0	0	0	0	0	0	0	9	0	0	0	0	0
ASV1247	0	0	0	0	0	0	0	0	0	0	0	0	0	0	6	3	0
ASV1248	0	0	0	0	0	0	0	0	0	0	0	0	0	0	9	0	0
ASV1249	0	0	0	0	0	0	0	0	0	0	0	0	0	0	0	9	0
ASV1250	0	0	0	0	0	0	0	0	0	0	0	0	0	0	0	0	9
ASV1251	0	0	0	0	0	0	0	0	0	0	0	0	0	0	0	0	9
ASV1252	0	0	0	0	0	0	0	0	0	0	0	0	0	0	0	0	9
ASV1253	0	0	0	0	0	0	0	0	0	0	0	0	0	0	0	0	9
ASV1255	0	0	0	0	0	0	0	0	0	0	0	0	0	0	0	0	9
ASV1256	0	0	0	0	0	0	0	0	0	0	0	0	0	0	0	0	9
ASV1258	0	0	0	0	0	0	0	0	0	0	0	0	0	0	0	0	9
ASV1261	0	0	0	0	0	0	0	0	0	0	0	0	0	0	0	0	9
ASV1262	0	0	0	0	0	0	0	0	0	0	0	0	0	0	0	0	9
ASV1263	0	0	0	0	0	0	0	0	0	0	0	0	0	0	0	0	9
ASV1264	0	0	0	0	0	0	0	0	0	0	0	0	0	0	0	0	9
ASV1265	3	0	0	0	0	5	0	0	0	0	0	0	0	0	0	0	0
ASV1266	0	0	8	0	0	0	0	0	0	0	0	0	0	0	0	0	0
ASV1267	0	0	8	0	0	0	0	0	0	0	0	0	0	0	0	0	0
ASV1268	0	0	8	0	0	0	0	0	0	0	0	0	0	0	0	0	0
ASV1270	0	0	0	8	0	0	0	0	0	0	0	0	0	0	0	0	0
ASV1271	0	0	0	8	0	0	0	0	0	0	0	0	0	0	0	0	0
ASV1272	0	0	0	0	0	0	8	0	0	0	0	0	0	0	0	0	0
ASV1273	0	0	0	0	0	0	8	0	0	0	0	0	0	0	0	0	0
ASV1274	0	0	0	0	0	0	5	3	0	0	0	0	0	0	0	0	0
ASV1275	0	0	0	0	0	0	8	0	0	0	0	0	0	0	0	0	0
ASV1276	0	0	0	0	0	0	5	3	0	0	0	0	0	0	0	0	0
ASV1277	0	0	0	0	0	0	8	0	0	0	0	0	0	0	0	0	0
ASV1278	0	0	0	0	0	0	8	0	0	0	0	0	0	0	0	0	0
ASV1279	0	0	0	0	0	0	3	5	0	0	0	0	0	0	0	0	0
ASV1280	0	0	0	0	0	0	3	5	0	0	0	0	0	0	0	0	0
ASV1281	0	0	0	0	0	0	0	8	0	0	0	0	0	0	0	0	0
ASV1282	0	0	0	0	0	0	0	8	0	0	0	0	0	0	0	0	0
ASV1283	0	0	0	0	0	0	0	8	0	0	0	0	0	0	0	0	0
ASV1284	0	0	0	0	0	0	0	8	0	0	0	0	0	0	0	0	0
ASV1285	0	0	0	0	0	0	0	8	0	0	0	0	0	0	0	0	0
ASV1286	0	0	0	0	0	0	0	0	0	0	0	0	8	0	0	0	0
ASV1287	0	0	0	0	0	0	0	0	0	0	0	0	0	8	0	0	0
ASV1288	0	0	0	0	0	0	0	0	0	0	0	0	0	0	2	0	6
ASV1289	0	0	0	0	0	0	0	0	0	0	0	0	0	0	8	0	0
ASV1290	0	0	0	0	0	0	0	0	0	0	0	0	0	0	0	8	0
ASV1291	0	0	0	0	0	0	0	0	0	0	0	0	0	0	0	0	8
ASV1292	0	0	0	0	0	0	0	0	0	0	0	0	0	0	0	0	8
ASV1293	0	0	0	0	0	0	0	0	0	0	0	0	0	0	0	0	8
ASV1294	0	0	0	0	0	0	0	0	0	0	0	0	0	0	0	0	8
ASV1295	0	0	0	0	0	0	0	0	0	0	0	0	0	0	0	0	8
ASV1297	0	0	0	0	0	0	0	0	0	0	0	0	0	0	0	0	8
ASV1298	0	0	0	0	0	0	0	0	0	0	0	0	0	0	0	0	8
ASV1299	0	0	0	0	0	0	0	0	0	0	0	0	0	0	0	0	8
ASV1300	7	0	0	0	0	0	0	0	0	0	0	0	0	0	0	0	0
ASV1301	0	2	3	0	0	0	2	0	0	0	0	0	0	0	0	0	0
ASV1302	0	0	7	0	0	0	0	0	0	0	0	0	0	0	0	0	0
ASV1303	0	0	7	0	0	0	0	0	0	0	0	0	0	0	0	0	0
ASV1304	0	0	7	0	0	0	0	0	0	0	0	0	0	0	0	0	0
ASV1305	0	0	7	0	0	0	0	0	0	0	0	0	0	0	0	0	0
ASV1306	0	0	0	0	0	0	7	0	0	0	0	0	0	0	0	0	0
ASV1307	0	0	0	0	0	0	7	0	0	0	0	0	0	0	0	0	0
ASV1308	0	0	0	0	0	0	3	4	0	0	0	0	0	0	0	0	0
ASV1309	0	0	0	0	0	0	4	3	0	0	0	0	0	0	0	0	0
ASV1310	0	0	0	0	0	0	7	0	0	0	0	0	0	0	0	0	0
ASV1311	0	0	0	0	0	0	7	0	0	0	0	0	0	0	0	0	0
ASV1312	0	0	0	0	0	0	7	0	0	0	0	0	0	0	0	0	0
ASV1313	0	0	0	0	0	0	7	0	0	0	0	0	0	0	0	0	0
ASV1314	0	0	0	0	0	0	7	0	0	0	0	0	0	0	0	0	0
ASV1315	0	0	0	0	0	0	7	0	0	0	0	0	0	0	0	0	0
ASV1316	0	0	0	0	0	0	0	7	0	0	0	0	0	0	0	0	0
ASV1317	0	0	0	0	0	0	0	7	0	0	0	0	0	0	0	0	0
ASV1318	0	0	0	0	0	0	0	7	0	0	0	0	0	0	0	0	0
ASV1319	0	0	0	0	0	0	0	7	0	0	0	0	0	0	0	0	0
ASV1320	0	0	0	0	0	0	0	7	0	0	0	0	0	0	0	0	0
ASV1321	0	0	0	0	0	0	0	7	0	0	0	0	0	0	0	0	0
ASV1322	0	0	0	0	0	0	0	7	0	0	0	0	0	0	0	0	0
ASV1323	0	0	0	0	0	0	0	0	0	0	0	0	0	0	7	0	0
ASV1324	0	0	0	0	0	0	0	0	0	0	0	0	0	0	5	2	0
ASV1325	0	0	0	0	0	0	0	0	0	0	0	0	0	0	0	0	7
ASV1326	0	0	0	0	0	0	0	0	0	0	0	0	0	0	0	0	7
ASV1327	0	0	0	0	0	0	0	0	0	0	0	0	0	0	0	0	7
ASV1328	0	0	0	0	0	0	0	0	0	0	0	0	0	0	0	0	7
ASV1329	0	0	0	0	0	0	0	0	0	0	0	0	0	0	0	0	7
ASV1330	0	0	0	0	0	0	0	0	0	0	0	0	0	0	0	0	7
ASV1331	0	0	0	0	0	0	0	0	0	0	0	0	0	0	0	0	7
ASV1332	0	0	0	0	0	0	0	0	0	0	0	0	0	0	0	0	7
ASV1333	0	0	0	0	0	0	0	0	0	0	0	0	0	0	0	0	7
ASV1334	0	0	0	0	0	0	0	0	0	0	0	0	0	0	0	0	7
ASV1335	0	0	0	0	0	0	0	0	0	0	0	0	0	0	0	0	7
ASV1336	0	0	0	0	0	0	0	0	0	0	0	0	0	0	0	0	7
ASV1337	0	0	0	0	0	0	0	0	0	0	0	0	0	0	0	0	7
ASV1338	0	0	0	0	0	0	0	0	0	0	0	0	0	0	0	0	7
ASV1339	0	0	0	0	0	0	0	0	0	0	0	0	0	0	0	0	7
ASV1340	0	0	0	0	0	0	0	0	0	0	0	0	0	0	0	0	7
ASV1341	6	0	0	0	0	0	0	0	0	0	0	0	0	0	0	0	0
ASV1342	0	0	0	6	0	0	0	0	0	0	0	0	0	0	0	0	0
ASV1343	0	0	0	6	0	0	0	0	0	0	0	0	0	0	0	0	0
ASV1345	0	0	0	0	0	0	6	0	0	0	0	0	0	0	0	0	0
ASV1346	0	0	0	0	0	0	6	0	0	0	0	0	0	0	0	0	0
ASV1347	0	0	0	0	0	0	6	0	0	0	0	0	0	0	0	0	0
ASV1348	0	0	0	0	0	0	6	0	0	0	0	0	0	0	0	0	0
ASV1349	0	0	0	0	0	0	2	4	0	0	0	0	0	0	0	0	0
ASV1350	0	0	0	0	0	0	0	6	0	0	0	0	0	0	0	0	0
ASV1351	0	0	0	0	0	0	0	6	0	0	0	0	0	0	0	0	0
ASV1352	0	0	0	0	0	0	0	6	0	0	0	0	0	0	0	0	0
ASV1353	0	0	0	0	0	0	0	6	0	0	0	0	0	0	0	0	0
ASV1354	0	0	0	0	0	0	0	6	0	0	0	0	0	0	0	0	0
ASV1355	0	0	0	0	0	0	0	6	0	0	0	0	0	0	0	0	0
ASV1356	0	0	0	0	0	0	0	6	0	0	0	0	0	0	0	0	0
ASV1357	0	0	0	0	0	0	0	6	0	0	0	0	0	0	0	0	0
ASV1358	0	0	0	0	0	0	0	6	0	0	0	0	0	0	0	0	0
ASV1359	0	0	0	0	0	0	0	0	0	0	0	0	0	0	6	0	0
ASV1360	0	0	0	0	0	0	0	0	0	0	0	0	0	0	0	0	6
ASV1361	0	0	0	0	0	0	0	0	0	0	0	0	0	0	0	0	6
ASV1362	0	0	0	0	0	0	0	0	0	0	0	0	0	0	0	0	6
ASV1363	0	0	0	0	0	0	0	0	0	0	0	0	0	0	0	0	6
ASV1364	0	0	0	0	0	0	0	0	0	0	0	0	0	0	0	0	6
ASV1365	0	0	0	0	0	0	0	0	0	0	0	0	0	0	0	0	6
ASV1366	0	0	0	0	0	0	0	0	0	0	0	0	0	0	0	0	6
ASV1367	0	0	0	0	0	0	0	0	0	0	0	0	0	0	0	0	6
ASV1368	0	0	0	0	0	0	0	0	0	0	0	0	0	0	0	0	6
ASV1369	0	0	0	0	0	0	0	0	0	0	0	0	0	0	0	0	6
ASV1371	0	0	5	0	0	0	0	0	0	0	0	0	0	0	0	0	0
ASV1372	0	0	5	0	0	0	0	0	0	0	0	0	0	0	0	0	0
ASV1373	0	0	0	5	0	0	0	0	0	0	0	0	0	0	0	0	0
ASV1374	0	0	0	5	0	0	0	0	0	0	0	0	0	0	0	0	0
ASV1376	0	0	0	0	0	0	5	0	0	0	0	0	0	0	0	0	0
ASV1377	0	0	0	0	0	0	5	0	0	0	0	0	0	0	0	0	0
ASV1378	0	0	0	0	0	0	5	0	0	0	0	0	0	0	0	0	0
ASV1379	0	0	0	0	0	0	5	0	0	0	0	0	0	0	0	0	0
ASV1380	0	0	0	0	0	0	5	0	0	0	0	0	0	0	0	0	0
ASV1381	0	0	0	0	0	0	5	0	0	0	0	0	0	0	0	0	0
ASV1382	0	0	0	0	0	0	5	0	0	0	0	0	0	0	0	0	0
ASV1383	0	0	0	0	0	0	0	5	0	0	0	0	0	0	0	0	0
ASV1384	0	0	0	0	0	0	0	5	0	0	0	0	0	0	0	0	0
ASV1385	0	0	0	0	0	0	0	5	0	0	0	0	0	0	0	0	0
ASV1386	0	0	0	0	0	0	0	5	0	0	0	0	0	0	0	0	0
ASV1387	0	0	0	0	0	0	0	5	0	0	0	0	0	0	0	0	0
ASV1388	0	0	0	0	0	0	0	0	3	0	2	0	0	0	0	0	0
ASV1389	0	0	0	0	0	0	0	0	0	0	0	0	0	0	5	0	0
ASV1390	0	0	0	0	0	0	0	0	0	0	0	0	0	0	5	0	0
ASV1391	0	0	0	0	0	0	0	0	0	0	0	0	0	0	0	5	0
ASV1392	0	0	0	0	0	0	0	0	0	0	0	0	0	0	0	0	5
ASV1394	0	0	0	0	0	0	0	0	0	0	0	0	0	0	0	0	5
ASV1395	0	0	0	0	0	0	0	0	0	0	0	0	0	0	0	0	5
ASV1396	0	0	0	0	0	0	0	0	0	0	0	0	0	0	0	0	5
ASV1397	0	0	0	0	0	0	0	0	0	0	0	0	0	0	0	0	5
ASV1398	0	0	0	0	0	0	0	0	0	0	0	0	0	0	0	0	5
ASV1399	0	0	0	0	0	0	0	0	0	0	0	0	0	0	0	0	5
ASV1401	0	0	0	0	0	0	0	0	0	0	0	0	0	0	0	0	5
ASV1402	0	0	0	0	0	0	0	0	0	0	0	0	0	0	0	0	5
ASV1403	0	0	0	0	0	0	0	0	0	0	0	0	0	0	0	0	5
ASV1405	0	0	0	0	0	0	0	0	0	0	0	0	0	0	0	0	5
ASV1406	0	0	0	0	0	0	0	0	0	0	0	0	0	0	0	0	5
ASV1407	0	0	0	0	0	0	0	0	0	0	0	0	0	0	0	0	5
ASV1408	0	0	0	0	0	0	0	0	0	0	0	0	0	0	0	0	5
ASV1409	0	0	0	0	0	0	0	0	0	0	0	0	0	0	0	0	5
ASV1410	0	0	0	0	0	0	0	0	0	0	0	0	0	0	0	0	5
ASV1413	0	0	0	0	0	0	0	0	0	0	0	0	0	0	0	0	5
ASV1414	0	0	0	0	0	0	0	0	0	0	0	0	0	0	0	0	5
ASV1415	0	2	0	0	0	2	0	0	0	0	0	0	0	0	0	0	0
ASV1416	0	0	2	2	0	0	0	0	0	0	0	0	0	0	0	0	0
ASV1417	0	0	4	0	0	0	0	0	0	0	0	0	0	0	0	0	0
ASV1418	0	0	4	0	0	0	0	0	0	0	0	0	0	0	0	0	0
ASV1419	0	0	0	0	0	4	0	0	0	0	0	0	0	0	0	0	0
ASV1420	0	0	0	0	0	0	4	0	0	0	0	0	0	0	0	0	0
ASV1422	0	0	0	0	0	0	4	0	0	0	0	0	0	0	0	0	0
ASV1423	0	0	0	0	0	0	4	0	0	0	0	0	0	0	0	0	0
ASV1424	0	0	0	0	0	0	4	0	0	0	0	0	0	0	0	0	0
ASV1425	0	0	0	0	0	0	4	0	0	0	0	0	0	0	0	0	0
ASV1426	0	0	0	0	0	0	4	0	0	0	0	0	0	0	0	0	0
ASV1427	0	0	0	0	0	0	4	0	0	0	0	0	0	0	0	0	0
ASV1428	0	0	0	0	0	0	4	0	0	0	0	0	0	0	0	0	0
ASV1429	0	0	0	0	0	0	4	0	0	0	0	0	0	0	0	0	0
ASV1431	0	0	0	0	0	0	0	4	0	0	0	0	0	0	0	0	0
ASV1432	0	0	0	0	0	0	0	4	0	0	0	0	0	0	0	0	0
ASV1433	0	0	0	0	0	0	0	4	0	0	0	0	0	0	0	0	0
ASV1434	0	0	0	0	0	0	0	4	0	0	0	0	0	0	0	0	0
ASV1435	0	0	0	0	0	0	0	4	0	0	0	0	0	0	0	0	0
ASV1436	0	0	0	0	0	0	0	4	0	0	0	0	0	0	0	0	0
ASV1437	0	0	0	0	0	0	0	4	0	0	0	0	0	0	0	0	0
ASV1438	0	0	0	0	0	0	0	4	0	0	0	0	0	0	0	0	0
ASV1439	0	0	0	0	0	0	0	4	0	0	0	0	0	0	0	0	0
ASV1440	0	0	0	0	0	0	0	4	0	0	0	0	0	0	0	0	0
ASV1441	0	0	0	0	0	0	0	0	0	0	0	0	0	0	4	0	0
ASV1442	0	0	0	0	0	0	0	0	0	0	0	0	0	0	4	0	0
ASV1443	0	0	0	0	0	0	0	0	0	0	0	0	0	0	4	0	0
ASV1444	0	0	0	0	0	0	0	0	0	0	0	0	0	0	4	0	0
ASV1445	0	0	0	0	0	0	0	0	0	0	0	0	0	0	0	4	0
ASV1446	0	0	0	0	0	0	0	0	0	0	0	0	0	0	0	4	0
ASV1447	0	0	0	0	0	0	0	0	0	0	0	0	0	0	0	4	0
ASV1448	0	0	0	0	0	0	0	0	0	0	0	0	0	0	0	0	4
ASV1449	0	0	0	0	0	0	0	0	0	0	0	0	0	0	0	0	4
ASV1451	0	0	0	0	0	0	0	0	0	0	0	0	0	0	0	0	4
ASV1452	0	0	0	0	0	0	0	0	0	0	0	0	0	0	0	0	4
ASV1453	0	0	0	0	0	0	0	0	0	0	0	0	0	0	0	0	4
ASV1454	0	0	0	0	0	0	0	0	0	0	0	0	0	0	0	0	4
ASV1455	0	0	0	0	0	0	0	0	0	0	0	0	0	0	0	0	4
ASV1456	0	0	0	0	0	0	0	0	0	0	0	0	0	0	0	0	4
ASV1457	0	0	0	0	0	0	0	0	0	0	0	0	0	0	0	0	4
ASV1458	0	0	0	0	0	0	0	0	0	0	0	0	0	0	0	0	4
ASV1459	0	0	0	0	0	0	0	0	0	0	0	0	0	0	0	0	4
ASV1461	3	0	0	0	0	0	0	0	0	0	0	0	0	0	0	0	0
ASV1462	0	0	0	3	0	0	0	0	0	0	0	0	0	0	0	0	0
ASV1463	0	0	0	3	0	0	0	0	0	0	0	0	0	0	0	0	0
ASV1464	0	0	0	3	0	0	0	0	0	0	0	0	0	0	0	0	0
ASV1465	0	0	0	0	0	3	0	0	0	0	0	0	0	0	0	0	0
ASV1466	0	0	0	0	0	0	3	0	0	0	0	0	0	0	0	0	0
ASV1467	0	0	0	0	0	0	3	0	0	0	0	0	0	0	0	0	0
ASV1468	0	0	0	0	0	0	3	0	0	0	0	0	0	0	0	0	0
ASV1469	0	0	0	0	0	0	3	0	0	0	0	0	0	0	0	0	0
ASV1470	0	0	0	0	0	0	3	0	0	0	0	0	0	0	0	0	0
ASV1472	0	0	0	0	0	0	3	0	0	0	0	0	0	0	0	0	0
ASV1473	0	0	0	0	0	0	3	0	0	0	0	0	0	0	0	0	0
ASV1474	0	0	0	0	0	0	3	0	0	0	0	0	0	0	0	0	0
ASV1475	0	0	0	0	0	0	3	0	0	0	0	0	0	0	0	0	0
ASV1476	0	0	0	0	0	0	3	0	0	0	0	0	0	0	0	0	0
ASV1477	0	0	0	0	0	0	3	0	0	0	0	0	0	0	0	0	0
ASV1478	0	0	0	0	0	0	0	3	0	0	0	0	0	0	0	0	0
ASV1480	0	0	0	0	0	0	0	3	0	0	0	0	0	0	0	0	0
ASV1481	0	0	0	0	0	0	0	3	0	0	0	0	0	0	0	0	0
ASV1482	0	0	0	0	0	0	0	3	0	0	0	0	0	0	0	0	0
ASV1483	0	0	0	0	0	0	0	3	0	0	0	0	0	0	0	0	0
ASV1484	0	0	0	0	0	0	0	3	0	0	0	0	0	0	0	0	0
ASV1485	0	0	0	0	0	0	0	3	0	0	0	0	0	0	0	0	0
ASV1486	0	0	0	0	0	0	0	3	0	0	0	0	0	0	0	0	0
ASV1487	0	0	0	0	0	0	0	3	0	0	0	0	0	0	0	0	0
ASV1488	0	0	0	0	0	0	0	3	0	0	0	0	0	0	0	0	0
ASV1489	0	0	0	0	0	0	0	0	3	0	0	0	0	0	0	0	0
ASV1490	0	0	0	0	0	0	0	0	0	0	0	3	0	0	0	0	0
ASV1491	0	0	0	0	0	0	0	0	0	0	0	0	0	3	0	0	0
ASV1492	0	0	0	0	0	0	0	0	0	0	0	0	0	0	0	3	0
ASV1493	0	0	0	0	0	0	0	0	0	0	0	0	0	0	0	0	3
ASV1496	0	0	0	0	0	0	0	0	0	0	0	0	0	0	0	0	3
ASV1497	0	0	0	0	0	0	0	0	0	0	0	0	0	0	0	0	3
ASV1498	0	0	0	0	0	0	0	0	0	0	0	0	0	0	0	0	3
ASV1501	0	0	0	0	0	0	0	0	0	0	0	0	0	0	0	0	3
ASV1506	0	0	0	0	0	0	0	0	0	0	0	0	0	0	0	0	3
ASV1507	0	0	0	0	0	0	0	0	0	0	0	0	0	0	0	0	3
ASV1508	0	0	0	0	0	0	0	0	0	0	0	0	0	0	0	0	3
ASV1509	0	0	0	0	0	0	0	0	0	0	0	0	0	0	0	0	3
ASV1510	0	0	0	0	0	0	0	0	0	0	0	0	0	0	0	0	3
ASV1511	0	0	0	0	0	0	0	0	0	0	0	0	0	0	0	0	3
ASV1512	2	0	0	0	0	0	0	0	0	0	0	0	0	0	0	0	0
ASV1513	0	2	0	0	0	0	0	0	0	0	0	0	0	0	0	0	0
ASV1514	0	0	2	0	0	0	0	0	0	0	0	0	0	0	0	0	0
ASV1515	0	0	0	2	0	0	0	0	0	0	0	0	0	0	0	0	0
ASV1516	0	0	0	2	0	0	0	0	0	0	0	0	0	0	0	0	0
ASV1517	0	0	0	0	2	0	0	0	0	0	0	0	0	0	0	0	0
ASV1518	0	0	0	0	0	2	0	0	0	0	0	0	0	0	0	0	0
ASV1519	0	0	0	0	0	0	2	0	0	0	0	0	0	0	0	0	0
ASV1520	0	0	0	0	0	0	2	0	0	0	0	0	0	0	0	0	0
ASV1522	0	0	0	0	0	0	2	0	0	0	0	0	0	0	0	0	0
ASV1523	0	0	0	0	0	0	2	0	0	0	0	0	0	0	0	0	0
ASV1524	0	0	0	0	0	0	2	0	0	0	0	0	0	0	0	0	0
ASV1525	0	0	0	0	0	0	2	0	0	0	0	0	0	0	0	0	0
ASV1526	0	0	0	0	0	0	2	0	0	0	0	0	0	0	0	0	0
ASV1527	0	0	0	0	0	0	2	0	0	0	0	0	0	0	0	0	0
ASV1528	0	0	0	0	0	0	2	0	0	0	0	0	0	0	0	0	0
ASV1529	0	0	0	0	0	0	2	0	0	0	0	0	0	0	0	0	0
ASV1530	0	0	0	0	0	0	0	2	0	0	0	0	0	0	0	0	0
ASV1532	0	0	0	0	0	0	0	2	0	0	0	0	0	0	0	0	0
ASV1537	0	0	0	0	0	0	0	2	0	0	0	0	0	0	0	0	0
ASV1538	0	0	0	0	0	0	0	2	0	0	0	0	0	0	0	0	0
ASV1539	0	0	0	0	0	0	0	2	0	0	0	0	0	0	0	0	0
ASV1540	0	0	0	0	0	0	0	2	0	0	0	0	0	0	0	0	0
ASV1541	0	0	0	0	0	0	0	2	0	0	0	0	0	0	0	0	0
ASV1542	0	0	0	0	0	0	0	2	0	0	0	0	0	0	0	0	0
ASV1543	0	0	0	0	0	0	0	0	2	0	0	0	0	0	0	0	0
ASV1544	0	0	0	0	0	0	0	0	0	0	0	0	2	0	0	0	0
ASV1545	0	0	0	0	0	0	0	0	0	0	0	0	0	2	0	0	0
ASV1546	0	0	0	0	0	0	0	0	0	0	0	0	0	0	2	0	0
ASV1548	0	0	0	0	0	0	0	0	0	0	0	0	0	0	0	2	0
ASV1550	0	0	0	0	0	0	0	0	0	0	0	0	0	0	0	0	2
ASV1551	0	0	0	0	0	0	0	0	0	0	0	0	0	0	0	0	2
ASV1555	0	0	0	0	0	0	0	0	0	0	0	0	0	0	0	0	2
ASV1557	0	0	0	0	0	0	0	0	0	0	0	0	0	0	0	0	2
ASV1558	0	0	0	0	0	0	0	0	0	0	0	0	0	0	0	0	2
